[
    {
        "model": "auth.permission",
        "pk": 1,
        "fields": {
            "name": "Can add log entry",
            "content_type": 1,
            "codename": "add_logentry"
        }
    },
    {
        "model": "auth.permission",
        "pk": 2,
        "fields": {
            "name": "Can change log entry",
            "content_type": 1,
            "codename": "change_logentry"
        }
    },
    {
        "model": "auth.permission",
        "pk": 3,
        "fields": {
            "name": "Can delete log entry",
            "content_type": 1,
            "codename": "delete_logentry"
        }
    },
    {
        "model": "auth.permission",
        "pk": 4,
        "fields": {
            "name": "Can view log entry",
            "content_type": 1,
            "codename": "view_logentry"
        }
    },
    {
        "model": "auth.permission",
        "pk": 5,
        "fields": {
            "name": "Can add permission",
            "content_type": 2,
            "codename": "add_permission"
        }
    },
    {
        "model": "auth.permission",
        "pk": 6,
        "fields": {
            "name": "Can change permission",
            "content_type": 2,
            "codename": "change_permission"
        }
    },
    {
        "model": "auth.permission",
        "pk": 7,
        "fields": {
            "name": "Can delete permission",
            "content_type": 2,
            "codename": "delete_permission"
        }
    },
    {
        "model": "auth.permission",
        "pk": 8,
        "fields": {
            "name": "Can view permission",
            "content_type": 2,
            "codename": "view_permission"
        }
    },
    {
        "model": "auth.permission",
        "pk": 9,
        "fields": {
            "name": "Can add group",
            "content_type": 3,
            "codename": "add_group"
        }
    },
    {
        "model": "auth.permission",
        "pk": 10,
        "fields": {
            "name": "Can change group",
            "content_type": 3,
            "codename": "change_group"
        }
    },
    {
        "model": "auth.permission",
        "pk": 11,
        "fields": {
            "name": "Can delete group",
            "content_type": 3,
            "codename": "delete_group"
        }
    },
    {
        "model": "auth.permission",
        "pk": 12,
        "fields": {
            "name": "Can view group",
            "content_type": 3,
            "codename": "view_group"
        }
    },
    {
        "model": "auth.permission",
        "pk": 13,
        "fields": {
            "name": "Can add content type",
            "content_type": 4,
            "codename": "add_contenttype"
        }
    },
    {
        "model": "auth.permission",
        "pk": 14,
        "fields": {
            "name": "Can change content type",
            "content_type": 4,
            "codename": "change_contenttype"
        }
    },
    {
        "model": "auth.permission",
        "pk": 15,
        "fields": {
            "name": "Can delete content type",
            "content_type": 4,
            "codename": "delete_contenttype"
        }
    },
    {
        "model": "auth.permission",
        "pk": 16,
        "fields": {
            "name": "Can view content type",
            "content_type": 4,
            "codename": "view_contenttype"
        }
    },
    {
        "model": "auth.permission",
        "pk": 17,
        "fields": {
            "name": "Can add session",
            "content_type": 5,
            "codename": "add_session"
        }
    },
    {
        "model": "auth.permission",
        "pk": 18,
        "fields": {
            "name": "Can change session",
            "content_type": 5,
            "codename": "change_session"
        }
    },
    {
        "model": "auth.permission",
        "pk": 19,
        "fields": {
            "name": "Can delete session",
            "content_type": 5,
            "codename": "delete_session"
        }
    },
    {
        "model": "auth.permission",
        "pk": 20,
        "fields": {
            "name": "Can view session",
            "content_type": 5,
            "codename": "view_session"
        }
    },
    {
        "model": "auth.permission",
        "pk": 21,
        "fields": {
            "name": "Can add blacklisted token",
            "content_type": 6,
            "codename": "add_blacklistedtoken"
        }
    },
    {
        "model": "auth.permission",
        "pk": 22,
        "fields": {
            "name": "Can change blacklisted token",
            "content_type": 6,
            "codename": "change_blacklistedtoken"
        }
    },
    {
        "model": "auth.permission",
        "pk": 23,
        "fields": {
            "name": "Can delete blacklisted token",
            "content_type": 6,
            "codename": "delete_blacklistedtoken"
        }
    },
    {
        "model": "auth.permission",
        "pk": 24,
        "fields": {
            "name": "Can view blacklisted token",
            "content_type": 6,
            "codename": "view_blacklistedtoken"
        }
    },
    {
        "model": "auth.permission",
        "pk": 25,
        "fields": {
            "name": "Can add outstanding token",
            "content_type": 7,
            "codename": "add_outstandingtoken"
        }
    },
    {
        "model": "auth.permission",
        "pk": 26,
        "fields": {
            "name": "Can change outstanding token",
            "content_type": 7,
            "codename": "change_outstandingtoken"
        }
    },
    {
        "model": "auth.permission",
        "pk": 27,
        "fields": {
            "name": "Can delete outstanding token",
            "content_type": 7,
            "codename": "delete_outstandingtoken"
        }
    },
    {
        "model": "auth.permission",
        "pk": 28,
        "fields": {
            "name": "Can view outstanding token",
            "content_type": 7,
            "codename": "view_outstandingtoken"
        }
    },
    {
        "model": "auth.permission",
        "pk": 29,
        "fields": {
            "name": "Can add log entry",
            "content_type": 8,
            "codename": "add_logentry"
        }
    },
    {
        "model": "auth.permission",
        "pk": 30,
        "fields": {
            "name": "Can change log entry",
            "content_type": 8,
            "codename": "change_logentry"
        }
    },
    {
        "model": "auth.permission",
        "pk": 31,
        "fields": {
            "name": "Can delete log entry",
            "content_type": 8,
            "codename": "delete_logentry"
        }
    },
    {
        "model": "auth.permission",
        "pk": 32,
        "fields": {
            "name": "Can view log entry",
            "content_type": 8,
            "codename": "view_logentry"
        }
    },
    {
        "model": "auth.permission",
        "pk": 33,
        "fields": {
            "name": "Can add blog",
            "content_type": 9,
            "codename": "add_blog"
        }
    },
    {
        "model": "auth.permission",
        "pk": 34,
        "fields": {
            "name": "Can change blog",
            "content_type": 9,
            "codename": "change_blog"
        }
    },
    {
        "model": "auth.permission",
        "pk": 35,
        "fields": {
            "name": "Can delete blog",
            "content_type": 9,
            "codename": "delete_blog"
        }
    },
    {
        "model": "auth.permission",
        "pk": 36,
        "fields": {
            "name": "Can view blog",
            "content_type": 9,
            "codename": "view_blog"
        }
    },
    {
        "model": "auth.permission",
        "pk": 37,
        "fields": {
            "name": "Can add comment",
            "content_type": 10,
            "codename": "add_comment"
        }
    },
    {
        "model": "auth.permission",
        "pk": 38,
        "fields": {
            "name": "Can change comment",
            "content_type": 10,
            "codename": "change_comment"
        }
    },
    {
        "model": "auth.permission",
        "pk": 39,
        "fields": {
            "name": "Can delete comment",
            "content_type": 10,
            "codename": "delete_comment"
        }
    },
    {
        "model": "auth.permission",
        "pk": 40,
        "fields": {
            "name": "Can view comment",
            "content_type": 10,
            "codename": "view_comment"
        }
    },
    {
        "model": "auth.permission",
        "pk": 41,
        "fields": {
            "name": "Can add historical blog",
            "content_type": 11,
            "codename": "add_historicalblog"
        }
    },
    {
        "model": "auth.permission",
        "pk": 42,
        "fields": {
            "name": "Can change historical blog",
            "content_type": 11,
            "codename": "change_historicalblog"
        }
    },
    {
        "model": "auth.permission",
        "pk": 43,
        "fields": {
            "name": "Can delete historical blog",
            "content_type": 11,
            "codename": "delete_historicalblog"
        }
    },
    {
        "model": "auth.permission",
        "pk": 44,
        "fields": {
            "name": "Can view historical blog",
            "content_type": 11,
            "codename": "view_historicalblog"
        }
    },
    {
        "model": "auth.permission",
        "pk": 45,
        "fields": {
            "name": "Can add historical comment",
            "content_type": 12,
            "codename": "add_historicalcomment"
        }
    },
    {
        "model": "auth.permission",
        "pk": 46,
        "fields": {
            "name": "Can change historical comment",
            "content_type": 12,
            "codename": "change_historicalcomment"
        }
    },
    {
        "model": "auth.permission",
        "pk": 47,
        "fields": {
            "name": "Can delete historical comment",
            "content_type": 12,
            "codename": "delete_historicalcomment"
        }
    },
    {
        "model": "auth.permission",
        "pk": 48,
        "fields": {
            "name": "Can view historical comment",
            "content_type": 12,
            "codename": "view_historicalcomment"
        }
    },
    {
        "model": "auth.permission",
        "pk": 49,
        "fields": {
            "name": "Can add user",
            "content_type": 13,
            "codename": "add_user"
        }
    },
    {
        "model": "auth.permission",
        "pk": 50,
        "fields": {
            "name": "Can change user",
            "content_type": 13,
            "codename": "change_user"
        }
    },
    {
        "model": "auth.permission",
        "pk": 51,
        "fields": {
            "name": "Can delete user",
            "content_type": 13,
            "codename": "delete_user"
        }
    },
    {
        "model": "auth.permission",
        "pk": 52,
        "fields": {
            "name": "Can view user",
            "content_type": 13,
            "codename": "view_user"
        }
    },
    {
        "model": "auth.permission",
        "pk": 53,
        "fields": {
            "name": "Can add historical user",
            "content_type": 14,
            "codename": "add_historicaluser"
        }
    },
    {
        "model": "auth.permission",
        "pk": 54,
        "fields": {
            "name": "Can change historical user",
            "content_type": 14,
            "codename": "change_historicaluser"
        }
    },
    {
        "model": "auth.permission",
        "pk": 55,
        "fields": {
            "name": "Can delete historical user",
            "content_type": 14,
            "codename": "delete_historicaluser"
        }
    },
    {
        "model": "auth.permission",
        "pk": 56,
        "fields": {
            "name": "Can view historical user",
            "content_type": 14,
            "codename": "view_historicaluser"
        }
    },
    {
        "model": "auth.permission",
        "pk": 57,
        "fields": {
            "name": "Can add application",
            "content_type": 15,
            "codename": "add_application"
        }
    },
    {
        "model": "auth.permission",
        "pk": 58,
        "fields": {
            "name": "Can change application",
            "content_type": 15,
            "codename": "change_application"
        }
    },
    {
        "model": "auth.permission",
        "pk": 59,
        "fields": {
            "name": "Can delete application",
            "content_type": 15,
            "codename": "delete_application"
        }
    },
    {
        "model": "auth.permission",
        "pk": 60,
        "fields": {
            "name": "Can view application",
            "content_type": 15,
            "codename": "view_application"
        }
    },
    {
        "model": "auth.permission",
        "pk": 61,
        "fields": {
            "name": "Can add applicationclassification",
            "content_type": 16,
            "codename": "add_applicationclassification"
        }
    },
    {
        "model": "auth.permission",
        "pk": 62,
        "fields": {
            "name": "Can change applicationclassification",
            "content_type": 16,
            "codename": "change_applicationclassification"
        }
    },
    {
        "model": "auth.permission",
        "pk": 63,
        "fields": {
            "name": "Can delete applicationclassification",
            "content_type": 16,
            "codename": "delete_applicationclassification"
        }
    },
    {
        "model": "auth.permission",
        "pk": 64,
        "fields": {
            "name": "Can view applicationclassification",
            "content_type": 16,
            "codename": "view_applicationclassification"
        }
    },
    {
        "model": "auth.permission",
        "pk": 65,
        "fields": {
            "name": "Can add historical application",
            "content_type": 17,
            "codename": "add_historicalapplication"
        }
    },
    {
        "model": "auth.permission",
        "pk": 66,
        "fields": {
            "name": "Can change historical application",
            "content_type": 17,
            "codename": "change_historicalapplication"
        }
    },
    {
        "model": "auth.permission",
        "pk": 67,
        "fields": {
            "name": "Can delete historical application",
            "content_type": 17,
            "codename": "delete_historicalapplication"
        }
    },
    {
        "model": "auth.permission",
        "pk": 68,
        "fields": {
            "name": "Can view historical application",
            "content_type": 17,
            "codename": "view_historicalapplication"
        }
    },
    {
        "model": "auth.permission",
        "pk": 69,
        "fields": {
            "name": "Can add historical applicationclassification",
            "content_type": 18,
            "codename": "add_historicalapplicationclassification"
        }
    },
    {
        "model": "auth.permission",
        "pk": 70,
        "fields": {
            "name": "Can change historical applicationclassification",
            "content_type": 18,
            "codename": "change_historicalapplicationclassification"
        }
    },
    {
        "model": "auth.permission",
        "pk": 71,
        "fields": {
            "name": "Can delete historical applicationclassification",
            "content_type": 18,
            "codename": "delete_historicalapplicationclassification"
        }
    },
    {
        "model": "auth.permission",
        "pk": 72,
        "fields": {
            "name": "Can view historical applicationclassification",
            "content_type": 18,
            "codename": "view_historicalapplicationclassification"
        }
    },
    {
        "model": "auth.permission",
        "pk": 73,
        "fields": {
            "name": "Can add documentclassification",
            "content_type": 19,
            "codename": "add_documentclassification"
        }
    },
    {
        "model": "auth.permission",
        "pk": 74,
        "fields": {
            "name": "Can change documentclassification",
            "content_type": 19,
            "codename": "change_documentclassification"
        }
    },
    {
        "model": "auth.permission",
        "pk": 75,
        "fields": {
            "name": "Can delete documentclassification",
            "content_type": 19,
            "codename": "delete_documentclassification"
        }
    },
    {
        "model": "auth.permission",
        "pk": 76,
        "fields": {
            "name": "Can view documentclassification",
            "content_type": 19,
            "codename": "view_documentclassification"
        }
    },
    {
        "model": "auth.permission",
        "pk": 77,
        "fields": {
            "name": "Can add document",
            "content_type": 20,
            "codename": "add_document"
        }
    },
    {
        "model": "auth.permission",
        "pk": 78,
        "fields": {
            "name": "Can change document",
            "content_type": 20,
            "codename": "change_document"
        }
    },
    {
        "model": "auth.permission",
        "pk": 79,
        "fields": {
            "name": "Can delete document",
            "content_type": 20,
            "codename": "delete_document"
        }
    },
    {
        "model": "auth.permission",
        "pk": 80,
        "fields": {
            "name": "Can view document",
            "content_type": 20,
            "codename": "view_document"
        }
    },
    {
        "model": "auth.permission",
        "pk": 81,
        "fields": {
            "name": "Can add documenttypes",
            "content_type": 21,
            "codename": "add_documenttypes"
        }
    },
    {
        "model": "auth.permission",
        "pk": 82,
        "fields": {
            "name": "Can change documenttypes",
            "content_type": 21,
            "codename": "change_documenttypes"
        }
    },
    {
        "model": "auth.permission",
        "pk": 83,
        "fields": {
            "name": "Can delete documenttypes",
            "content_type": 21,
            "codename": "delete_documenttypes"
        }
    },
    {
        "model": "auth.permission",
        "pk": 84,
        "fields": {
            "name": "Can view documenttypes",
            "content_type": 21,
            "codename": "view_documenttypes"
        }
    },
    {
        "model": "auth.permission",
        "pk": 85,
        "fields": {
            "name": "Can add historical document",
            "content_type": 22,
            "codename": "add_historicaldocument"
        }
    },
    {
        "model": "auth.permission",
        "pk": 86,
        "fields": {
            "name": "Can change historical document",
            "content_type": 22,
            "codename": "change_historicaldocument"
        }
    },
    {
        "model": "auth.permission",
        "pk": 87,
        "fields": {
            "name": "Can delete historical document",
            "content_type": 22,
            "codename": "delete_historicaldocument"
        }
    },
    {
        "model": "auth.permission",
        "pk": 88,
        "fields": {
            "name": "Can view historical document",
            "content_type": 22,
            "codename": "view_historicaldocument"
        }
    },
    {
        "model": "auth.permission",
        "pk": 89,
        "fields": {
            "name": "Can add historical documentclassification",
            "content_type": 23,
            "codename": "add_historicaldocumentclassification"
        }
    },
    {
        "model": "auth.permission",
        "pk": 90,
        "fields": {
            "name": "Can change historical documentclassification",
            "content_type": 23,
            "codename": "change_historicaldocumentclassification"
        }
    },
    {
        "model": "auth.permission",
        "pk": 91,
        "fields": {
            "name": "Can delete historical documentclassification",
            "content_type": 23,
            "codename": "delete_historicaldocumentclassification"
        }
    },
    {
        "model": "auth.permission",
        "pk": 92,
        "fields": {
            "name": "Can view historical documentclassification",
            "content_type": 23,
            "codename": "view_historicaldocumentclassification"
        }
    },
    {
        "model": "auth.permission",
        "pk": 93,
        "fields": {
            "name": "Can add historical documenttypes",
            "content_type": 24,
            "codename": "add_historicaldocumenttypes"
        }
    },
    {
        "model": "auth.permission",
        "pk": 94,
        "fields": {
            "name": "Can change historical documenttypes",
            "content_type": 24,
            "codename": "change_historicaldocumenttypes"
        }
    },
    {
        "model": "auth.permission",
        "pk": 95,
        "fields": {
            "name": "Can delete historical documenttypes",
            "content_type": 24,
            "codename": "delete_historicaldocumenttypes"
        }
    },
    {
        "model": "auth.permission",
        "pk": 96,
        "fields": {
            "name": "Can view historical documenttypes",
            "content_type": 24,
            "codename": "view_historicaldocumenttypes"
        }
    },
    {
        "model": "auth.permission",
        "pk": 97,
        "fields": {
            "name": "Can add multimedia",
            "content_type": 25,
            "codename": "add_multimedia"
        }
    },
    {
        "model": "auth.permission",
        "pk": 98,
        "fields": {
            "name": "Can change multimedia",
            "content_type": 25,
            "codename": "change_multimedia"
        }
    },
    {
        "model": "auth.permission",
        "pk": 99,
        "fields": {
            "name": "Can delete multimedia",
            "content_type": 25,
            "codename": "delete_multimedia"
        }
    },
    {
        "model": "auth.permission",
        "pk": 100,
        "fields": {
            "name": "Can view multimedia",
            "content_type": 25,
            "codename": "view_multimedia"
        }
    },
    {
        "model": "auth.permission",
        "pk": 101,
        "fields": {
            "name": "Can add multimediaclassification",
            "content_type": 26,
            "codename": "add_multimediaclassification"
        }
    },
    {
        "model": "auth.permission",
        "pk": 102,
        "fields": {
            "name": "Can change multimediaclassification",
            "content_type": 26,
            "codename": "change_multimediaclassification"
        }
    },
    {
        "model": "auth.permission",
        "pk": 103,
        "fields": {
            "name": "Can delete multimediaclassification",
            "content_type": 26,
            "codename": "delete_multimediaclassification"
        }
    },
    {
        "model": "auth.permission",
        "pk": 104,
        "fields": {
            "name": "Can view multimediaclassification",
            "content_type": 26,
            "codename": "view_multimediaclassification"
        }
    },
    {
        "model": "auth.permission",
        "pk": 105,
        "fields": {
            "name": "Can add historical multimedia",
            "content_type": 27,
            "codename": "add_historicalmultimedia"
        }
    },
    {
        "model": "auth.permission",
        "pk": 106,
        "fields": {
            "name": "Can change historical multimedia",
            "content_type": 27,
            "codename": "change_historicalmultimedia"
        }
    },
    {
        "model": "auth.permission",
        "pk": 107,
        "fields": {
            "name": "Can delete historical multimedia",
            "content_type": 27,
            "codename": "delete_historicalmultimedia"
        }
    },
    {
        "model": "auth.permission",
        "pk": 108,
        "fields": {
            "name": "Can view historical multimedia",
            "content_type": 27,
            "codename": "view_historicalmultimedia"
        }
    },
    {
        "model": "auth.permission",
        "pk": 109,
        "fields": {
            "name": "Can add historical multimediaclassification",
            "content_type": 28,
            "codename": "add_historicalmultimediaclassification"
        }
    },
    {
        "model": "auth.permission",
        "pk": 110,
        "fields": {
            "name": "Can change historical multimediaclassification",
            "content_type": 28,
            "codename": "change_historicalmultimediaclassification"
        }
    },
    {
        "model": "auth.permission",
        "pk": 111,
        "fields": {
            "name": "Can delete historical multimediaclassification",
            "content_type": 28,
            "codename": "delete_historicalmultimediaclassification"
        }
    },
    {
        "model": "auth.permission",
        "pk": 112,
        "fields": {
            "name": "Can view historical multimediaclassification",
            "content_type": 28,
            "codename": "view_historicalmultimediaclassification"
        }
    },
    {
        "model": "auth.permission",
        "pk": 113,
        "fields": {
            "name": "Can add suggestion",
            "content_type": 29,
            "codename": "add_suggestion"
        }
    },
    {
        "model": "auth.permission",
        "pk": 114,
        "fields": {
            "name": "Can change suggestion",
            "content_type": 29,
            "codename": "change_suggestion"
        }
    },
    {
        "model": "auth.permission",
        "pk": 115,
        "fields": {
            "name": "Can delete suggestion",
            "content_type": 29,
            "codename": "delete_suggestion"
        }
    },
    {
        "model": "auth.permission",
        "pk": 116,
        "fields": {
            "name": "Can view suggestion",
            "content_type": 29,
            "codename": "view_suggestion"
        }
    },
    {
        "model": "auth.permission",
        "pk": 117,
        "fields": {
            "name": "Can add historical suggestion",
            "content_type": 30,
            "codename": "add_historicalsuggestion"
        }
    },
    {
        "model": "auth.permission",
        "pk": 118,
        "fields": {
            "name": "Can change historical suggestion",
            "content_type": 30,
            "codename": "change_historicalsuggestion"
        }
    },
    {
        "model": "auth.permission",
        "pk": 119,
        "fields": {
            "name": "Can delete historical suggestion",
            "content_type": 30,
            "codename": "delete_historicalsuggestion"
        }
    },
    {
        "model": "auth.permission",
        "pk": 120,
        "fields": {
            "name": "Can view historical suggestion",
            "content_type": 30,
            "codename": "view_historicalsuggestion"
        }
    },
    {
        "model": "contenttypes.contenttype",
        "pk": 1,
        "fields": {
            "app_label": "admin",
            "model": "logentry"
        }
    },
    {
        "model": "contenttypes.contenttype",
        "pk": 2,
        "fields": {
            "app_label": "auth",
            "model": "permission"
        }
    },
    {
        "model": "contenttypes.contenttype",
        "pk": 3,
        "fields": {
            "app_label": "auth",
            "model": "group"
        }
    },
    {
        "model": "contenttypes.contenttype",
        "pk": 4,
        "fields": {
            "app_label": "contenttypes",
            "model": "contenttype"
        }
    },
    {
        "model": "contenttypes.contenttype",
        "pk": 5,
        "fields": {
            "app_label": "sessions",
            "model": "session"
        }
    },
    {
        "model": "contenttypes.contenttype",
        "pk": 6,
        "fields": {
            "app_label": "token_blacklist",
            "model": "blacklistedtoken"
        }
    },
    {
        "model": "contenttypes.contenttype",
        "pk": 7,
        "fields": {
            "app_label": "token_blacklist",
            "model": "outstandingtoken"
        }
    },
    {
        "model": "contenttypes.contenttype",
        "pk": 8,
        "fields": {
            "app_label": "auditlog",
            "model": "logentry"
        }
    },
    {
        "model": "contenttypes.contenttype",
        "pk": 9,
        "fields": {
            "app_label": "blogs",
            "model": "blog"
        }
    },
    {
        "model": "contenttypes.contenttype",
        "pk": 10,
        "fields": {
            "app_label": "blogs",
            "model": "comment"
        }
    },
    {
        "model": "contenttypes.contenttype",
        "pk": 11,
        "fields": {
            "app_label": "blogs",
            "model": "historicalblog"
        }
    },
    {
        "model": "contenttypes.contenttype",
        "pk": 12,
        "fields": {
            "app_label": "blogs",
            "model": "historicalcomment"
        }
    },
    {
        "model": "contenttypes.contenttype",
        "pk": 13,
        "fields": {
            "app_label": "users",
            "model": "user"
        }
    },
    {
        "model": "contenttypes.contenttype",
        "pk": 14,
        "fields": {
            "app_label": "users",
            "model": "historicaluser"
        }
    },
    {
        "model": "contenttypes.contenttype",
        "pk": 15,
        "fields": {
            "app_label": "applications",
            "model": "application"
        }
    },
    {
        "model": "contenttypes.contenttype",
        "pk": 16,
        "fields": {
            "app_label": "applications",
            "model": "applicationclassification"
        }
    },
    {
        "model": "contenttypes.contenttype",
        "pk": 17,
        "fields": {
            "app_label": "applications",
            "model": "historicalapplication"
        }
    },
    {
        "model": "contenttypes.contenttype",
        "pk": 18,
        "fields": {
            "app_label": "applications",
            "model": "historicalapplicationclassification"
        }
    },
    {
        "model": "contenttypes.contenttype",
        "pk": 19,
        "fields": {
            "app_label": "documents",
            "model": "documentclassification"
        }
    },
    {
        "model": "contenttypes.contenttype",
        "pk": 20,
        "fields": {
            "app_label": "documents",
            "model": "document"
        }
    },
    {
        "model": "contenttypes.contenttype",
        "pk": 21,
        "fields": {
            "app_label": "documents",
            "model": "documenttypes"
        }
    },
    {
        "model": "contenttypes.contenttype",
        "pk": 22,
        "fields": {
            "app_label": "documents",
            "model": "historicaldocument"
        }
    },
    {
        "model": "contenttypes.contenttype",
        "pk": 23,
        "fields": {
            "app_label": "documents",
            "model": "historicaldocumentclassification"
        }
    },
    {
        "model": "contenttypes.contenttype",
        "pk": 24,
        "fields": {
            "app_label": "documents",
            "model": "historicaldocumenttypes"
        }
    },
    {
        "model": "contenttypes.contenttype",
        "pk": 25,
        "fields": {
            "app_label": "multimedia",
            "model": "multimedia"
        }
    },
    {
        "model": "contenttypes.contenttype",
        "pk": 26,
        "fields": {
            "app_label": "multimedia",
            "model": "multimediaclassification"
        }
    },
    {
        "model": "contenttypes.contenttype",
        "pk": 27,
        "fields": {
            "app_label": "multimedia",
            "model": "historicalmultimedia"
        }
    },
    {
        "model": "contenttypes.contenttype",
        "pk": 28,
        "fields": {
            "app_label": "multimedia",
            "model": "historicalmultimediaclassification"
        }
    },
    {
        "model": "contenttypes.contenttype",
        "pk": 29,
        "fields": {
            "app_label": "suggestions",
            "model": "suggestion"
        }
    },
    {
        "model": "contenttypes.contenttype",
        "pk": 30,
        "fields": {
            "app_label": "suggestions",
            "model": "historicalsuggestion"
        }
    },
    {
        "model": "sessions.session",
        "pk": "j3x0yjcta44uuq2j5j2xmf8axo5ik47r",
        "fields": {
            "session_data": ".eJxVjMsOwiAQRf-FtSEIw8ul-34DAWaQqoGktCvjv2uTLnR7zzn3xULc1hq2QUuYkV3YmZ1-txTzg9oO8B7brfPc27rMie8KP-jgU0d6Xg_376DGUb-1FDmTtAKFND45jAA6CW2RSEmtlQZji01OgdMGDXhPYIoHQJ-LNMjeH8omNzE:1so58P:tIG90Awn6fMa_02qKAEu1Q33qKgB0bU0RJkSofetavk",
            "expire_date": "2024-09-24T17:58:37.674Z"
        }
    },
    {
        "model": "token_blacklist.outstandingtoken",
        "pk": 1,
        "fields": {
            "user": 1,
            "jti": "ed4e477eddf44a3a95c5c4070f4a4f7c",
            "token": "eyJhbGciOiJIUzUxMiIsInR5cCI6IkpXVCJ9.eyJ0b2tlbl90eXBlIjoicmVmcmVzaCIsImV4cCI6MTcyNjA3ODE3MCwiaWF0IjoxNzI1OTkxNzcwLCJqdGkiOiJlZDRlNDc3ZWRkZjQ0YTNhOTVjNWM0MDcwZjRhNGY3YyIsInVzZXJfaWQiOjF9.nhXbwlLGEUWSfPb4dYH9bH3Ed4fNgvqpNjoDfozXU0sgMJ6m7_2awwM9auO_N1g7D2XvzWmhbgQE2bil7fYt1Q",
            "created_at": "2024-09-10T18:09:30.095Z",
            "expires_at": "2024-09-11T18:09:30Z"
        }
    },
    {
        "model": "token_blacklist.outstandingtoken",
        "pk": 2,
        "fields": {
            "user": 1,
            "jti": "7ec6b948e65e4263a80dbc307ac4d736",
            "token": "eyJhbGciOiJIUzUxMiIsInR5cCI6IkpXVCJ9.eyJ0b2tlbl90eXBlIjoicmVmcmVzaCIsImV4cCI6MTcyNjA3ODE3MCwiaWF0IjoxNzI1OTkxNzcwLCJqdGkiOiI3ZWM2Yjk0OGU2NWU0MjYzYTgwZGJjMzA3YWM0ZDczNiIsInVzZXJfaWQiOjF9.6Ai3v3PuSShjfvf-9LPKKrlKBWFWWLA3oBWNvlbEiKaN2nVU_CXghYTf6KJNI2P2PxxHsAenL0efpdaeHpNOJA",
            "created_at": "2024-09-10T18:09:30.126Z",
            "expires_at": "2024-09-11T18:09:30Z"
        }
    },
    {
        "model": "token_blacklist.outstandingtoken",
        "pk": 3,
        "fields": {
            "user": 1,
            "jti": "08dc2a9ac7b345419b757fe979a56cd5",
            "token": "eyJhbGciOiJIUzUxMiIsInR5cCI6IkpXVCJ9.eyJ0b2tlbl90eXBlIjoicmVmcmVzaCIsImV4cCI6MTcyNjA3ODQyMSwiaWF0IjoxNzI1OTkyMDIxLCJqdGkiOiIwOGRjMmE5YWM3YjM0NTQxOWI3NTdmZTk3OWE1NmNkNSIsInVzZXJfaWQiOjF9.q62GRqYwOTGgCnzIa90ws4FS0Eujo_sClCwS_2TwZ-u8U_-hBrL1HaAXdRysIfSuvhWXqfWhtHBM-0Inx_pUYw",
            "created_at": "2024-09-10T18:13:41.835Z",
            "expires_at": "2024-09-11T18:13:41Z"
        }
    },
    {
        "model": "token_blacklist.outstandingtoken",
        "pk": 4,
        "fields": {
            "user": 1,
            "jti": "8225f54a60e245bf8124dfd2b227b286",
            "token": "eyJhbGciOiJIUzUxMiIsInR5cCI6IkpXVCJ9.eyJ0b2tlbl90eXBlIjoicmVmcmVzaCIsImV4cCI6MTcyNjA3ODQyMSwiaWF0IjoxNzI1OTkyMDIxLCJqdGkiOiI4MjI1ZjU0YTYwZTI0NWJmODEyNGRmZDJiMjI3YjI4NiIsInVzZXJfaWQiOjF9.H0akKyFjvDeSVoKyXqFZff0uLhvha7hSTTZy6ihiEQLlP645S7XUJGwOdC595b2jxgUB42BZHmbozfAwP9oQMA",
            "created_at": "2024-09-10T18:13:41.850Z",
            "expires_at": "2024-09-11T18:13:41Z"
        }
    },
    {
        "model": "token_blacklist.outstandingtoken",
        "pk": 5,
        "fields": {
            "user": 1,
            "jti": "6e64965c63914f268d808e33ebf7079c",
            "token": "eyJhbGciOiJIUzUxMiIsInR5cCI6IkpXVCJ9.eyJ0b2tlbl90eXBlIjoicmVmcmVzaCIsImV4cCI6MTcyNjA3ODQ3NSwiaWF0IjoxNzI1OTkyMDc1LCJqdGkiOiI2ZTY0OTY1YzYzOTE0ZjI2OGQ4MDhlMzNlYmY3MDc5YyIsInVzZXJfaWQiOjF9.03z1GFqDxXFk4pYqHRXWEoJ2dxlqL_k9iFDaeeALU7Ro-K5SD3a5eh5nvDQ4Zta9ojIky3tFkChqEG2c5H3N9g",
            "created_at": "2024-09-10T18:14:35.930Z",
            "expires_at": "2024-09-11T18:14:35Z"
        }
    },
    {
        "model": "token_blacklist.outstandingtoken",
        "pk": 6,
        "fields": {
            "user": 1,
            "jti": "9e08b7f644e1403198b8d338b50a87a8",
            "token": "eyJhbGciOiJIUzUxMiIsInR5cCI6IkpXVCJ9.eyJ0b2tlbl90eXBlIjoicmVmcmVzaCIsImV4cCI6MTcyNjA3ODQ3NSwiaWF0IjoxNzI1OTkyMDc1LCJqdGkiOiI5ZTA4YjdmNjQ0ZTE0MDMxOThiOGQzMzhiNTBhODdhOCIsInVzZXJfaWQiOjF9.UfTIx0QeJBtJnpe082yhzB3lMK2ysOlQtClpT_atK2b8hg7JXX9iLDJs18-UdMr_A0ZnfmACUH_sMt7GD0iAOg",
            "created_at": "2024-09-10T18:14:35.933Z",
            "expires_at": "2024-09-11T18:14:35Z"
        }
    },
    {
        "model": "token_blacklist.outstandingtoken",
        "pk": 7,
        "fields": {
            "user": 5,
            "jti": "2969c74df8b8405fbfebb15a16e5ea58",
            "token": "eyJhbGciOiJIUzUxMiIsInR5cCI6IkpXVCJ9.eyJ0b2tlbl90eXBlIjoicmVmcmVzaCIsImV4cCI6MTcyNjA3ODQ5MCwiaWF0IjoxNzI1OTkyMDkwLCJqdGkiOiIyOTY5Yzc0ZGY4Yjg0MDVmYmZlYmIxNWExNmU1ZWE1OCIsInVzZXJfaWQiOjV9.z-14RthY8vkyKlHjernXhTxKfK-aD4DQqXH0M5rxaseeDJk-VBPISsuAiAT3OQUTNiADa9stYLD6UGUe2LAaZw",
            "created_at": "2024-09-10T18:14:50.899Z",
            "expires_at": "2024-09-11T18:14:50Z"
        }
    },
    {
        "model": "token_blacklist.outstandingtoken",
        "pk": 8,
        "fields": {
            "user": 5,
            "jti": "163ed158bed7455b8fc53b012f03b7eb",
            "token": "eyJhbGciOiJIUzUxMiIsInR5cCI6IkpXVCJ9.eyJ0b2tlbl90eXBlIjoicmVmcmVzaCIsImV4cCI6MTcyNjA3ODQ5MCwiaWF0IjoxNzI1OTkyMDkwLCJqdGkiOiIxNjNlZDE1OGJlZDc0NTViOGZjNTNiMDEyZjAzYjdlYiIsInVzZXJfaWQiOjV9.NQxp11X2hYNOZwBH0dNAk7-gN11AQPgQoTIlSNytBDN8h3W4F1MwhQJ4qwDPy7ubVk4ZrJN9ESChWQEWM3fZfQ",
            "created_at": "2024-09-10T18:14:50.916Z",
            "expires_at": "2024-09-11T18:14:50Z"
        }
    },
    {
        "model": "token_blacklist.outstandingtoken",
        "pk": 9,
        "fields": {
            "user": 4,
            "jti": "788aee18f2ba4a48aa5602bb8ac8f630",
            "token": "eyJhbGciOiJIUzUxMiIsInR5cCI6IkpXVCJ9.eyJ0b2tlbl90eXBlIjoicmVmcmVzaCIsImV4cCI6MTcyNjA3ODU1NiwiaWF0IjoxNzI1OTkyMTU2LCJqdGkiOiI3ODhhZWUxOGYyYmE0YTQ4YWE1NjAyYmI4YWM4ZjYzMCIsInVzZXJfaWQiOjR9.XJfsZE5xG7f4jWJulRJN8DfBp262_BBLIyNzOsdC4fH94HKxIKyDoG2wWBxORJbQ_1entoQw-fav_L0rO9L2kQ",
            "created_at": "2024-09-10T18:15:56.548Z",
            "expires_at": "2024-09-11T18:15:56Z"
        }
    },
    {
        "model": "token_blacklist.outstandingtoken",
        "pk": 10,
        "fields": {
            "user": 4,
            "jti": "6fa457a66b724e60853ca2bd990b20f3",
            "token": "eyJhbGciOiJIUzUxMiIsInR5cCI6IkpXVCJ9.eyJ0b2tlbl90eXBlIjoicmVmcmVzaCIsImV4cCI6MTcyNjA3ODU1NiwiaWF0IjoxNzI1OTkyMTU2LCJqdGkiOiI2ZmE0NTdhNjZiNzI0ZTYwODUzY2EyYmQ5OTBiMjBmMyIsInVzZXJfaWQiOjR9.cclfhsr2R5uS7yzP6IhK858X5LtAdPwb7kkB_RNbf0zJYc6jY6L-QQv0EBjezpoMvbDyoof6QsdPNVHAhU4j0w",
            "created_at": "2024-09-10T18:15:56.564Z",
            "expires_at": "2024-09-11T18:15:56Z"
        }
    },
    {
        "model": "token_blacklist.outstandingtoken",
        "pk": 11,
        "fields": {
            "user": 3,
            "jti": "9ba08bb39f994f6a9e5125a6834398a9",
            "token": "eyJhbGciOiJIUzUxMiIsInR5cCI6IkpXVCJ9.eyJ0b2tlbl90eXBlIjoicmVmcmVzaCIsImV4cCI6MTcyNjA3ODU2MywiaWF0IjoxNzI1OTkyMTYzLCJqdGkiOiI5YmEwOGJiMzlmOTk0ZjZhOWU1MTI1YTY4MzQzOThhOSIsInVzZXJfaWQiOjN9.ezDF3xIdEYyHHvi-Fg4gPZihvVvMA_hNUZAYwD1VhirSeRHT7vTjvZYjKHq_3rLYITUc0rbgqZK9RDan5hHnOA",
            "created_at": "2024-09-10T18:16:03.783Z",
            "expires_at": "2024-09-11T18:16:03Z"
        }
    },
    {
        "model": "token_blacklist.outstandingtoken",
        "pk": 12,
        "fields": {
            "user": 3,
            "jti": "71ebdc49e63b4f9fb753930b1c0f9ff7",
            "token": "eyJhbGciOiJIUzUxMiIsInR5cCI6IkpXVCJ9.eyJ0b2tlbl90eXBlIjoicmVmcmVzaCIsImV4cCI6MTcyNjA3ODU2MywiaWF0IjoxNzI1OTkyMTYzLCJqdGkiOiI3MWViZGM0OWU2M2I0ZjlmYjc1MzkzMGIxYzBmOWZmNyIsInVzZXJfaWQiOjN9.4SqczYEQTRmsb-UQzA3B8YLhn3o_Vq6uLusPVQ5d4fGpmhl9U9BSmdSCs6WG39LH-lcKUZ3wPiKvEo_Q6F_A9g",
            "created_at": "2024-09-10T18:16:03.801Z",
            "expires_at": "2024-09-11T18:16:03Z"
        }
    },
    {
        "model": "token_blacklist.outstandingtoken",
        "pk": 13,
        "fields": {
            "user": 2,
            "jti": "306d7e457994497a806de65bfde9a61d",
            "token": "eyJhbGciOiJIUzUxMiIsInR5cCI6IkpXVCJ9.eyJ0b2tlbl90eXBlIjoicmVmcmVzaCIsImV4cCI6MTcyNjA3ODU3MSwiaWF0IjoxNzI1OTkyMTcxLCJqdGkiOiIzMDZkN2U0NTc5OTQ0OTdhODA2ZGU2NWJmZGU5YTYxZCIsInVzZXJfaWQiOjJ9.OMtHTrHWLA8Cp0MG6DHWUp1IJi-0Lryec57QTUCz0joYmCI140UEc4JOSyuQawOrnBCye9mYbvlyQDzE7lUWyQ",
            "created_at": "2024-09-10T18:16:11.265Z",
            "expires_at": "2024-09-11T18:16:11Z"
        }
    },
    {
        "model": "token_blacklist.outstandingtoken",
        "pk": 14,
        "fields": {
            "user": 2,
            "jti": "d7fbb4e7f7c04ffc9ce3ec3213c7c3b1",
            "token": "eyJhbGciOiJIUzUxMiIsInR5cCI6IkpXVCJ9.eyJ0b2tlbl90eXBlIjoicmVmcmVzaCIsImV4cCI6MTcyNjA3ODU3MSwiaWF0IjoxNzI1OTkyMTcxLCJqdGkiOiJkN2ZiYjRlN2Y3YzA0ZmZjOWNlM2VjMzIxM2M3YzNiMSIsInVzZXJfaWQiOjJ9.bFUBlPS8q-g5DSX8mJargvjxPgYiQcV0Xn8cFfAwC1LFeiT6Tosji_M7g6V2f6eqexq5Urup4nvRKcm0dS8r2Q",
            "created_at": "2024-09-10T18:16:11.298Z",
            "expires_at": "2024-09-11T18:16:11Z"
        }
    },
    {
        "model": "token_blacklist.outstandingtoken",
        "pk": 15,
        "fields": {
            "user": 1,
            "jti": "c7baecf2869a498194f686709c805391",
            "token": "eyJhbGciOiJIUzUxMiIsInR5cCI6IkpXVCJ9.eyJ0b2tlbl90eXBlIjoicmVmcmVzaCIsImV4cCI6MTcyNjA3ODU3OCwiaWF0IjoxNzI1OTkyMTc4LCJqdGkiOiJjN2JhZWNmMjg2OWE0OTgxOTRmNjg2NzA5YzgwNTM5MSIsInVzZXJfaWQiOjF9.SjkRaByO6hBbFKc-wiV4lIuL1zPtPxg5DnCejCPaPRUcnKWPAmAyQsaVFGP4OE5LL0aEOZqiIDjYhtONg39O3A",
            "created_at": "2024-09-10T18:16:18.681Z",
            "expires_at": "2024-09-11T18:16:18Z"
        }
    },
    {
        "model": "token_blacklist.outstandingtoken",
        "pk": 16,
        "fields": {
            "user": 1,
            "jti": "4bc6081d91d7468aaaae47edf097f108",
            "token": "eyJhbGciOiJIUzUxMiIsInR5cCI6IkpXVCJ9.eyJ0b2tlbl90eXBlIjoicmVmcmVzaCIsImV4cCI6MTcyNjA3ODU3OCwiaWF0IjoxNzI1OTkyMTc4LCJqdGkiOiI0YmM2MDgxZDkxZDc0NjhhYWFhZTQ3ZWRmMDk3ZjEwOCIsInVzZXJfaWQiOjF9.6BU6ZvZmMdxn2L7x0y3KDNIaB4JGY3LLPBKVP6tAIsqGB39_HyST3jt4bwjJeUop7gVZl5kWT0lKGH6VT5ff6A",
            "created_at": "2024-09-10T18:16:18.707Z",
            "expires_at": "2024-09-11T18:16:18Z"
        }
    },
    {
        "model": "token_blacklist.outstandingtoken",
        "pk": 17,
        "fields": {
            "user": 4,
            "jti": "cd5bd47826524ccb8c65874796e9a6a3",
            "token": "eyJhbGciOiJIUzUxMiIsInR5cCI6IkpXVCJ9.eyJ0b2tlbl90eXBlIjoicmVmcmVzaCIsImV4cCI6MTcyNjA3ODU5NSwiaWF0IjoxNzI1OTkyMTk1LCJqdGkiOiJjZDViZDQ3ODI2NTI0Y2NiOGM2NTg3NDc5NmU5YTZhMyIsInVzZXJfaWQiOjR9.RhBfwNkQrLJU4-XOHq8Kt60QZ6Q1hAaihG7_1AxGVHbDTDqM5K76CTB_BmJMGIHsHRptWsOIuJ9CHGjzK834KQ",
            "created_at": "2024-09-10T18:16:35.831Z",
            "expires_at": "2024-09-11T18:16:35Z"
        }
    },
    {
        "model": "token_blacklist.outstandingtoken",
        "pk": 18,
        "fields": {
            "user": 4,
            "jti": "c9699b57979e4885b987d2d957034126",
            "token": "eyJhbGciOiJIUzUxMiIsInR5cCI6IkpXVCJ9.eyJ0b2tlbl90eXBlIjoicmVmcmVzaCIsImV4cCI6MTcyNjA3ODU5NSwiaWF0IjoxNzI1OTkyMTk1LCJqdGkiOiJjOTY5OWI1Nzk3OWU0ODg1Yjk4N2QyZDk1NzAzNDEyNiIsInVzZXJfaWQiOjR9.B4DpIVGVJhEHR0QASTiBn1FQKjqKqy2qGjV95dF5owPwVqmHh_l5xufya6A6sLy-Phkyu2JGEfh-KwRLIEo37g",
            "created_at": "2024-09-10T18:16:35.831Z",
            "expires_at": "2024-09-11T18:16:35Z"
        }
    },
    {
        "model": "token_blacklist.outstandingtoken",
        "pk": 19,
        "fields": {
            "user": 1,
            "jti": "8f97573035a044b7831c567bfa64d1cc",
            "token": "eyJhbGciOiJIUzUxMiIsInR5cCI6IkpXVCJ9.eyJ0b2tlbl90eXBlIjoicmVmcmVzaCIsImV4cCI6MTcyNjA3ODY0NSwiaWF0IjoxNzI1OTkyMjQ1LCJqdGkiOiI4Zjk3NTczMDM1YTA0NGI3ODMxYzU2N2JmYTY0ZDFjYyIsInVzZXJfaWQiOjF9.3KChzzf89dciU2SCE6N28pjnQygJFnkaWwAvP8_N0_R4JY2HHrb1SIABuYjyz7zh30s88IAIdUMvMF0qgYx7Zw",
            "created_at": "2024-09-10T18:17:25.628Z",
            "expires_at": "2024-09-11T18:17:25Z"
        }
    },
    {
        "model": "token_blacklist.outstandingtoken",
        "pk": 20,
        "fields": {
            "user": 1,
            "jti": "8f28afd3f65f4c24b45f2b117363d1f6",
            "token": "eyJhbGciOiJIUzUxMiIsInR5cCI6IkpXVCJ9.eyJ0b2tlbl90eXBlIjoicmVmcmVzaCIsImV4cCI6MTcyNjA3ODY0NSwiaWF0IjoxNzI1OTkyMjQ1LCJqdGkiOiI4ZjI4YWZkM2Y2NWY0YzI0YjQ1ZjJiMTE3MzYzZDFmNiIsInVzZXJfaWQiOjF9.j8pk-jav4kdN8ErA4KQTNW1lcmlQOBUy6L8rna0Sj0jScae1MZe2Ty6T3Pc72YKguancbAMNsoYfQi-EUtV-Lw",
            "created_at": "2024-09-10T18:17:25.645Z",
            "expires_at": "2024-09-11T18:17:25Z"
        }
    },
    {
        "model": "token_blacklist.outstandingtoken",
        "pk": 21,
        "fields": {
            "user": 1,
            "jti": "27dd5236cb444dfda8a9c051067c8d8d",
            "token": "eyJhbGciOiJIUzUxMiIsInR5cCI6IkpXVCJ9.eyJ0b2tlbl90eXBlIjoicmVmcmVzaCIsImV4cCI6MTcyNjA4MjM4MywiaWF0IjoxNzI1OTk1OTgzLCJqdGkiOiIyN2RkNTIzNmNiNDQ0ZGZkYThhOWMwNTEwNjdjOGQ4ZCIsInVzZXJfaWQiOjF9.-Jh_4bYrPeDncqblfzNr6MOFv_HU8JT6des1IChSQxDrXFajuNpnCujE0vo1f5FB7zut2UYvQCnKTOEtOKF3VQ",
            "created_at": "2024-09-10T19:19:43.869Z",
            "expires_at": "2024-09-11T19:19:43Z"
        }
    },
    {
        "model": "token_blacklist.outstandingtoken",
        "pk": 22,
        "fields": {
            "user": 1,
            "jti": "82d30890888a472380ba4f2bfebbaa42",
            "token": "eyJhbGciOiJIUzUxMiIsInR5cCI6IkpXVCJ9.eyJ0b2tlbl90eXBlIjoicmVmcmVzaCIsImV4cCI6MTcyNjA4MjM4NCwiaWF0IjoxNzI1OTk1OTg0LCJqdGkiOiI4MmQzMDg5MDg4OGE0NzIzODBiYTRmMmJmZWJiYWE0MiIsInVzZXJfaWQiOjF9.luQc8m8uvwMPsnABgZZRYoMCu7CKsZqjIbwhvfFK7yBLOQUAQZ0b0Fzdf3Cg72h1xA6cR6NOJ4ffsiLIfgGRUQ",
            "created_at": "2024-09-10T19:19:44.000Z",
            "expires_at": "2024-09-11T19:19:44Z"
        }
    },
    {
        "model": "token_blacklist.outstandingtoken",
        "pk": 23,
        "fields": {
            "user": 1,
            "jti": "28d80147fd2d458091058c6352c6b582",
            "token": "eyJhbGciOiJIUzUxMiIsInR5cCI6IkpXVCJ9.eyJ0b2tlbl90eXBlIjoicmVmcmVzaCIsImV4cCI6MTcyNjA4MjU5MiwiaWF0IjoxNzI1OTk2MTkyLCJqdGkiOiIyOGQ4MDE0N2ZkMmQ0NTgwOTEwNThjNjM1MmM2YjU4MiIsInVzZXJfaWQiOjF9.Ec8U4kHmfhsrhENcQ3Wh9Z5V5EJs9d4L48LOWIJkrjZ9QmvSXzGl3uLZ4NlnoIlK8u0yaGhXckA3WL9BG3VmtA",
            "created_at": "2024-09-10T19:23:12.810Z",
            "expires_at": "2024-09-11T19:23:12Z"
        }
    },
    {
        "model": "token_blacklist.outstandingtoken",
        "pk": 24,
        "fields": {
            "user": 1,
            "jti": "0b0d2e4f059b427c839b88dead7d870d",
            "token": "eyJhbGciOiJIUzUxMiIsInR5cCI6IkpXVCJ9.eyJ0b2tlbl90eXBlIjoicmVmcmVzaCIsImV4cCI6MTcyNjA4MjU5MiwiaWF0IjoxNzI1OTk2MTkyLCJqdGkiOiIwYjBkMmU0ZjA1OWI0MjdjODM5Yjg4ZGVhZDdkODcwZCIsInVzZXJfaWQiOjF9.mnDe5quEvtLNPO-bunz4cQzgqLEFEu57YcUvlqpZLeYrUWo2oMsfqKWnVUfx4FcaKPwT7Q-7W9sy-z8vM6AlNQ",
            "created_at": "2024-09-10T19:23:12.889Z",
            "expires_at": "2024-09-11T19:23:12Z"
        }
    },
    {
        "model": "token_blacklist.outstandingtoken",
        "pk": 25,
        "fields": {
            "user": 1,
            "jti": "7451d9f1d64141ebb7b1ae9f700e132a",
            "token": "eyJhbGciOiJIUzUxMiIsInR5cCI6IkpXVCJ9.eyJ0b2tlbl90eXBlIjoicmVmcmVzaCIsImV4cCI6MTcyNjA4MjY5OCwiaWF0IjoxNzI1OTk2Mjk4LCJqdGkiOiI3NDUxZDlmMWQ2NDE0MWViYjdiMWFlOWY3MDBlMTMyYSIsInVzZXJfaWQiOjF9.QMyM11v-LJ3K1_8HnB--FUC85EFv81Va7nY2uHdNBOM6XGpO6IPFCbr-1IZpZWeOlrC4RMkvbWsMsiEsLc0d8g",
            "created_at": "2024-09-10T19:24:58.802Z",
            "expires_at": "2024-09-11T19:24:58Z"
        }
    },
    {
        "model": "token_blacklist.outstandingtoken",
        "pk": 26,
        "fields": {
            "user": 1,
            "jti": "e72c3a4054794fb29f848be379199ca1",
            "token": "eyJhbGciOiJIUzUxMiIsInR5cCI6IkpXVCJ9.eyJ0b2tlbl90eXBlIjoicmVmcmVzaCIsImV4cCI6MTcyNjA4MjY5OCwiaWF0IjoxNzI1OTk2Mjk4LCJqdGkiOiJlNzJjM2E0MDU0Nzk0ZmIyOWY4NDhiZTM3OTE5OWNhMSIsInVzZXJfaWQiOjF9.9NkkN55dk0KmkJSZEMTN-hLfjeFL2rGW1KoCdPKA48wAA5wQron_twGyjtgcUoEzBYdTrf_N6vWrrnrYLrBrpw",
            "created_at": "2024-09-10T19:24:58.860Z",
            "expires_at": "2024-09-11T19:24:58Z"
        }
    },
    {
        "model": "token_blacklist.outstandingtoken",
        "pk": 27,
        "fields": {
            "user": 1,
            "jti": "c804e47223c54b17b43899f8a03ad33a",
            "token": "eyJhbGciOiJIUzUxMiIsInR5cCI6IkpXVCJ9.eyJ0b2tlbl90eXBlIjoicmVmcmVzaCIsImV4cCI6MTcyNjA4Mjc4NywiaWF0IjoxNzI1OTk2Mzg3LCJqdGkiOiJjODA0ZTQ3MjIzYzU0YjE3YjQzODk5ZjhhMDNhZDMzYSIsInVzZXJfaWQiOjF9.3m85JrvN8Fz8w4306wlhd0Q6VUydLWGT4Op9OagR2IW7eWGdmt-7Yv_1t-514kwKrrAtsbZwWHVozh9RsGEYyA",
            "created_at": "2024-09-10T19:26:27.570Z",
            "expires_at": "2024-09-11T19:26:27Z"
        }
    },
    {
        "model": "token_blacklist.outstandingtoken",
        "pk": 28,
        "fields": {
            "user": 1,
            "jti": "f0ca0ba37997471d8775cddbab6e7ca7",
            "token": "eyJhbGciOiJIUzUxMiIsInR5cCI6IkpXVCJ9.eyJ0b2tlbl90eXBlIjoicmVmcmVzaCIsImV4cCI6MTcyNjA4Mjc4NywiaWF0IjoxNzI1OTk2Mzg3LCJqdGkiOiJmMGNhMGJhMzc5OTc0NzFkODc3NWNkZGJhYjZlN2NhNyIsInVzZXJfaWQiOjF9.FqGKk5XU1L2mwC0r76oudRrKLjkyHnncPjsXnIJFhKEpd1xhq19Gp6DMMKObKVDgeOfwlWpFa2MVm2_dmxtkWA",
            "created_at": "2024-09-10T19:26:27.655Z",
            "expires_at": "2024-09-11T19:26:27Z"
        }
    },
    {
        "model": "token_blacklist.outstandingtoken",
        "pk": 29,
        "fields": {
            "user": 1,
            "jti": "97260b46b6534bfd927151ace7269948",
            "token": "eyJhbGciOiJIUzUxMiIsInR5cCI6IkpXVCJ9.eyJ0b2tlbl90eXBlIjoicmVmcmVzaCIsImV4cCI6MTcyNjA4MzA5MSwiaWF0IjoxNzI1OTk2NjkxLCJqdGkiOiI5NzI2MGI0NmI2NTM0YmZkOTI3MTUxYWNlNzI2OTk0OCIsInVzZXJfaWQiOjF9.cZGpor2wMuXmoJQQ1aO6D8EKuPweUm94x5UTZRIkfJTZMsI_usZjib39Pc1PBIcF5rdQT3pzEK8pqheISJGqqA",
            "created_at": "2024-09-10T19:31:31.224Z",
            "expires_at": "2024-09-11T19:31:31Z"
        }
    },
    {
        "model": "token_blacklist.outstandingtoken",
        "pk": 30,
        "fields": {
            "user": 1,
            "jti": "2615a9fb24ba4e1691cfe0dceb0d18e3",
            "token": "eyJhbGciOiJIUzUxMiIsInR5cCI6IkpXVCJ9.eyJ0b2tlbl90eXBlIjoicmVmcmVzaCIsImV4cCI6MTcyNjA4MzA5MSwiaWF0IjoxNzI1OTk2NjkxLCJqdGkiOiIyNjE1YTlmYjI0YmE0ZTE2OTFjZmUwZGNlYjBkMThlMyIsInVzZXJfaWQiOjF9.IxaWewhmbEqaLrHerv0Aq7sswhmyNU9VP9IJ-_0wjB9lFMZGSI1w4gvZaYHx6zxpjfT6LkowaiBUs3TUNzQJxw",
            "created_at": "2024-09-10T19:31:31.274Z",
            "expires_at": "2024-09-11T19:31:31Z"
        }
    },
    {
        "model": "token_blacklist.outstandingtoken",
        "pk": 31,
        "fields": {
            "user": 1,
            "jti": "88ccbaa87d1f4d07a2402debcae7be5c",
            "token": "eyJhbGciOiJIUzUxMiIsInR5cCI6IkpXVCJ9.eyJ0b2tlbl90eXBlIjoicmVmcmVzaCIsImV4cCI6MTcyNjA4MzQ5MywiaWF0IjoxNzI1OTk3MDkzLCJqdGkiOiI4OGNjYmFhODdkMWY0ZDA3YTI0MDJkZWJjYWU3YmU1YyIsInVzZXJfaWQiOjF9.F2td1YO9seJ5wXRjMuB6SW7MU5jsa7zgeTjLZSB3GWlXpLM8A4HMBuhrP4--Hemzls0rVh9GDi2M99CQG06xWA",
            "created_at": "2024-09-10T19:38:13.145Z",
            "expires_at": "2024-09-11T19:38:13Z"
        }
    },
    {
        "model": "token_blacklist.outstandingtoken",
        "pk": 32,
        "fields": {
            "user": 1,
            "jti": "5a6fc2f14f60463bba14d0e918b6f4a0",
            "token": "eyJhbGciOiJIUzUxMiIsInR5cCI6IkpXVCJ9.eyJ0b2tlbl90eXBlIjoicmVmcmVzaCIsImV4cCI6MTcyNjA4MzQ5MywiaWF0IjoxNzI1OTk3MDkzLCJqdGkiOiI1YTZmYzJmMTRmNjA0NjNiYmExNGQwZTkxOGI2ZjRhMCIsInVzZXJfaWQiOjF9.ToSgpQqw_OeYl60Ec3-DI2RuqrL6bwSB8-23Gg7dnhg_hgv5ySCUIkiEivanyk5rUeu-Egym-3H73berJu3lJw",
            "created_at": "2024-09-10T19:38:13.161Z",
            "expires_at": "2024-09-11T19:38:13Z"
        }
    },
    {
        "model": "token_blacklist.outstandingtoken",
        "pk": 33,
        "fields": {
            "user": 1,
            "jti": "4db70543d88f4afc8fb7d15c7f2553e0",
            "token": "eyJhbGciOiJIUzUxMiIsInR5cCI6IkpXVCJ9.eyJ0b2tlbl90eXBlIjoicmVmcmVzaCIsImV4cCI6MTcyNjA4MzUzNiwiaWF0IjoxNzI1OTk3MTM2LCJqdGkiOiI0ZGI3MDU0M2Q4OGY0YWZjOGZiN2QxNWM3ZjI1NTNlMCIsInVzZXJfaWQiOjF9.QBj2Wo8NKKfi6t6oihakIxB-FSL4oxR5BJCJZ3-c0EYZVm7guWwiNluCtRY7_k7ugNkKkcpgjIrUztvRkCQvrQ",
            "created_at": "2024-09-10T19:38:56.760Z",
            "expires_at": "2024-09-11T19:38:56Z"
        }
    },
    {
        "model": "token_blacklist.outstandingtoken",
        "pk": 34,
        "fields": {
            "user": 1,
            "jti": "699c0228a6954ae2b83fc38f4580f675",
            "token": "eyJhbGciOiJIUzUxMiIsInR5cCI6IkpXVCJ9.eyJ0b2tlbl90eXBlIjoicmVmcmVzaCIsImV4cCI6MTcyNjA4MzUzNiwiaWF0IjoxNzI1OTk3MTM2LCJqdGkiOiI2OTljMDIyOGE2OTU0YWUyYjgzZmMzOGY0NTgwZjY3NSIsInVzZXJfaWQiOjF9.gWoOm8a2KDDbho76wmjw93lZaB3mO3dQmhmF5QtSLF9NEJyl_sEj-X1NF6UPc4b-kp2UyFwULerjfa1xLVzORw",
            "created_at": "2024-09-10T19:38:56.810Z",
            "expires_at": "2024-09-11T19:38:56Z"
        }
    },
    {
        "model": "token_blacklist.outstandingtoken",
        "pk": 35,
        "fields": {
            "user": 1,
            "jti": "9a4a8739148f4ef09b30bb81c0edff8d",
            "token": "eyJhbGciOiJIUzUxMiIsInR5cCI6IkpXVCJ9.eyJ0b2tlbl90eXBlIjoicmVmcmVzaCIsImV4cCI6MTcyNjA5MDg1MywiaWF0IjoxNzI2MDA0NDUzLCJqdGkiOiI5YTRhODczOTE0OGY0ZWYwOWIzMGJiODFjMGVkZmY4ZCIsInVzZXJfaWQiOjF9.HDysR3U1QRsbhOPbg4Y6SbKKgL4ufwCGhutgOC2uvKE_MUiN6Wpk98k577zZrLeYNi6xDWlJgFstfg-L18Tnhg",
            "created_at": "2024-09-10T21:40:53.675Z",
            "expires_at": "2024-09-11T21:40:53Z"
        }
    },
    {
        "model": "token_blacklist.outstandingtoken",
        "pk": 36,
        "fields": {
            "user": 1,
            "jti": "304dda92a0ad487394a913494a77ce33",
            "token": "eyJhbGciOiJIUzUxMiIsInR5cCI6IkpXVCJ9.eyJ0b2tlbl90eXBlIjoicmVmcmVzaCIsImV4cCI6MTcyNjA5MDg1MywiaWF0IjoxNzI2MDA0NDUzLCJqdGkiOiIzMDRkZGE5MmEwYWQ0ODczOTRhOTEzNDk0YTc3Y2UzMyIsInVzZXJfaWQiOjF9.5xo42NM307c7Sb6pUoFG-YVPVnCT0x8DINB498L9ih7XUxUIT0bCmfeSNSDpAAYENG9orhrYfsemAQsHKgDvmw",
            "created_at": "2024-09-10T21:40:53.830Z",
            "expires_at": "2024-09-11T21:40:53Z"
        }
    },
    {
        "model": "auditlog.logentry",
        "pk": 1,
        "fields": {
            "content_type": 13,
            "object_pk": "1",
            "object_id": 1,
            "object_repr": "Tigri",
            "serialized_data": null,
            "action": 0,
            "changes_text": "",
            "changes": {
                "id": [
                    "None",
                    "1"
                ],
                "bio": [
                    "None",
                    ""
                ],
                "role": [
                    "None",
                    "admin"
                ],
                "email": [
                    "None",
                    "sean.meissimilly@nauta.cu"
                ],
                "image": [
                    "None",
                    "profile_picture/Isotipo.png"
                ],
                "is_staff": [
                    "None",
                    "True"
                ],
                "password": [
                    "None",
                    "pbkdf2_sha256$870000$DElO27X4b7X9wjzB54Lrvj$03NCX0fbjXSK2UBeo7/w2+rHj7z5due6GcNxsvZNRtQ="
                ],
                "is_active": [
                    "None",
                    "True"
                ],
                "user_name": [
                    "None",
                    "Tigri"
                ],
                "start_date": [
                    "None",
                    "2024-09-10 17:58:08.641087"
                ],
                "is_superuser": [
                    "None",
                    "True"
                ]
            },
            "actor": null,
            "cid": null,
            "remote_addr": null,
            "timestamp": "2024-09-10T17:58:08.953Z",
            "additional_data": null
        }
    },
    {
        "model": "auditlog.logentry",
        "pk": 2,
        "fields": {
            "content_type": 13,
            "object_pk": "1",
            "object_id": 1,
            "object_repr": "Tigri",
            "serialized_data": null,
            "action": 1,
            "changes_text": "",
            "changes": {
                "last_login": [
                    "None",
                    "2024-09-10 17:58:37.662713"
                ]
            },
            "actor": null,
            "cid": null,
            "remote_addr": "127.0.0.1",
            "timestamp": "2024-09-10T17:58:37.667Z",
            "additional_data": null
        }
    },
    {
        "model": "auditlog.logentry",
        "pk": 3,
        "fields": {
            "content_type": 13,
            "object_pk": "1",
            "object_id": 1,
            "object_repr": "Tigri",
            "serialized_data": null,
            "action": 1,
            "changes_text": "",
            "changes": {
                "last_login": [
                    "2024-09-10 17:58:37.662713",
                    "2024-09-10 18:09:30.109657"
                ]
            },
            "actor": null,
            "cid": null,
            "remote_addr": "127.0.0.1",
            "timestamp": "2024-09-10T18:09:30.109Z",
            "additional_data": null
        }
    },
    {
        "model": "auditlog.logentry",
        "pk": 4,
        "fields": {
            "content_type": 13,
            "object_pk": "1",
            "object_id": 1,
            "object_repr": "Tigri",
            "serialized_data": null,
            "action": 1,
            "changes_text": "",
            "changes": {
                "last_login_ip": [
                    "None",
                    "127.0.0.1"
                ]
            },
            "actor": null,
            "cid": null,
            "remote_addr": "127.0.0.1",
            "timestamp": "2024-09-10T18:09:30.131Z",
            "additional_data": null
        }
    },
    {
        "model": "auditlog.logentry",
        "pk": 5,
        "fields": {
            "content_type": 13,
            "object_pk": "1",
            "object_id": 1,
            "object_repr": "Tigri",
            "serialized_data": null,
            "action": 1,
            "changes_text": "",
            "changes": {
                "last_login": [
                    "2024-09-10 18:09:30.109657",
                    "2024-09-10 18:13:41.835809"
                ]
            },
            "actor": null,
            "cid": null,
            "remote_addr": "127.0.0.1",
            "timestamp": "2024-09-10T18:13:41.835Z",
            "additional_data": null
        }
    },
    {
        "model": "auditlog.logentry",
        "pk": 6,
        "fields": {
            "content_type": 13,
            "object_pk": "1",
            "object_id": 1,
            "object_repr": "Tigri",
            "serialized_data": null,
            "action": 1,
            "changes_text": "",
            "changes": {
                "last_login": [
                    "2024-09-10 18:13:41.835809",
                    "2024-09-10 18:14:35.933951"
                ]
            },
            "actor": null,
            "cid": null,
            "remote_addr": "127.0.0.1",
            "timestamp": "2024-09-10T18:14:35.933Z",
            "additional_data": null
        }
    },
    {
        "model": "auditlog.logentry",
        "pk": 7,
        "fields": {
            "content_type": 13,
            "object_pk": "5",
            "object_id": 5,
            "object_repr": "mroll",
            "serialized_data": null,
            "action": 1,
            "changes_text": "",
            "changes": {
                "last_login": [
                    "2024-09-01 13:53:11.887885",
                    "2024-09-10 18:14:50.899795"
                ]
            },
            "actor": null,
            "cid": null,
            "remote_addr": "127.0.0.1",
            "timestamp": "2024-09-10T18:14:50.899Z",
            "additional_data": null
        }
    },
    {
        "model": "auditlog.logentry",
        "pk": 8,
        "fields": {
            "content_type": 13,
            "object_pk": "5",
            "object_id": 5,
            "object_repr": "mroll",
            "serialized_data": null,
            "action": 1,
            "changes_text": "",
            "changes": {
                "last_login_ip": [
                    "None",
                    "127.0.0.1"
                ]
            },
            "actor": null,
            "cid": null,
            "remote_addr": "127.0.0.1",
            "timestamp": "2024-09-10T18:14:50.916Z",
            "additional_data": null
        }
    },
    {
        "model": "auditlog.logentry",
        "pk": 9,
        "fields": {
            "content_type": 13,
            "object_pk": "1",
            "object_id": 1,
            "object_repr": "Tigri",
            "serialized_data": null,
            "action": 1,
            "changes_text": "",
            "changes": {
                "last_login": [
                    "2024-09-10 18:14:35.933951",
                    "2024-09-10 18:15:35.737815"
                ]
            },
            "actor": null,
            "cid": null,
            "remote_addr": "127.0.0.1",
            "timestamp": "2024-09-10T18:15:35.739Z",
            "additional_data": null
        }
    },
    {
        "model": "auditlog.logentry",
        "pk": 10,
        "fields": {
            "content_type": 13,
            "object_pk": "4",
            "object_id": 4,
            "object_repr": "javiercm",
            "serialized_data": null,
            "action": 1,
            "changes_text": "",
            "changes": {
                "last_login": [
                    "2024-09-01 19:15:22.366184",
                    "2024-09-10 18:15:56.564398"
                ]
            },
            "actor": null,
            "cid": null,
            "remote_addr": "127.0.0.1",
            "timestamp": "2024-09-10T18:15:56.564Z",
            "additional_data": null
        }
    },
    {
        "model": "auditlog.logentry",
        "pk": 11,
        "fields": {
            "content_type": 13,
            "object_pk": "4",
            "object_id": 4,
            "object_repr": "javiercm",
            "serialized_data": null,
            "action": 1,
            "changes_text": "",
            "changes": {
                "last_login_ip": [
                    "172.17.13.2",
                    "127.0.0.1"
                ]
            },
            "actor": null,
            "cid": null,
            "remote_addr": "127.0.0.1",
            "timestamp": "2024-09-10T18:15:56.564Z",
            "additional_data": null
        }
    },
    {
        "model": "auditlog.logentry",
        "pk": 12,
        "fields": {
            "content_type": 13,
            "object_pk": "3",
            "object_id": 3,
            "object_repr": "prueba1",
            "serialized_data": null,
            "action": 1,
            "changes_text": "",
            "changes": {
                "last_login": [
                    "2024-09-01 19:15:06.068148",
                    "2024-09-10 18:16:03.797269"
                ]
            },
            "actor": null,
            "cid": null,
            "remote_addr": "127.0.0.1",
            "timestamp": "2024-09-10T18:16:03.798Z",
            "additional_data": null
        }
    },
    {
        "model": "auditlog.logentry",
        "pk": 13,
        "fields": {
            "content_type": 13,
            "object_pk": "3",
            "object_id": 3,
            "object_repr": "prueba1",
            "serialized_data": null,
            "action": 1,
            "changes_text": "",
            "changes": {
                "last_login_ip": [
                    "172.17.13.3",
                    "127.0.0.1"
                ]
            },
            "actor": null,
            "cid": null,
            "remote_addr": "127.0.0.1",
            "timestamp": "2024-09-10T18:16:03.801Z",
            "additional_data": null
        }
    },
    {
        "model": "auditlog.logentry",
        "pk": 14,
        "fields": {
            "content_type": 13,
            "object_pk": "2",
            "object_id": 2,
            "object_repr": "dianne95",
            "serialized_data": null,
            "action": 1,
            "changes_text": "",
            "changes": {
                "last_login": [
                    "2024-08-28 12:50:44.133794",
                    "2024-09-10 18:16:11.281419"
                ]
            },
            "actor": null,
            "cid": null,
            "remote_addr": "127.0.0.1",
            "timestamp": "2024-09-10T18:16:11.281Z",
            "additional_data": null
        }
    },
    {
        "model": "auditlog.logentry",
        "pk": 15,
        "fields": {
            "content_type": 13,
            "object_pk": "2",
            "object_id": 2,
            "object_repr": "dianne95",
            "serialized_data": null,
            "action": 1,
            "changes_text": "",
            "changes": {
                "last_login_ip": [
                    "172.17.13.1",
                    "127.0.0.1"
                ]
            },
            "actor": null,
            "cid": null,
            "remote_addr": "127.0.0.1",
            "timestamp": "2024-09-10T18:16:11.298Z",
            "additional_data": null
        }
    },
    {
        "model": "auditlog.logentry",
        "pk": 16,
        "fields": {
            "content_type": 13,
            "object_pk": "1",
            "object_id": 1,
            "object_repr": "Tigri",
            "serialized_data": null,
            "action": 1,
            "changes_text": "",
            "changes": {
                "last_login": [
                    "2024-09-10 18:15:35.737815",
                    "2024-09-10 18:16:18.697557"
                ]
            },
            "actor": null,
            "cid": null,
            "remote_addr": "127.0.0.1",
            "timestamp": "2024-09-10T18:16:18.699Z",
            "additional_data": null
        }
    },
    {
        "model": "auditlog.logentry",
        "pk": 17,
        "fields": {
            "content_type": 13,
            "object_pk": "4",
            "object_id": 4,
            "object_repr": "javiercm",
            "serialized_data": null,
            "action": 1,
            "changes_text": "",
            "changes": {
                "last_login": [
                    "2024-09-10 18:15:56.564398",
                    "2024-09-10 18:16:35.831887"
                ]
            },
            "actor": null,
            "cid": null,
            "remote_addr": "127.0.0.1",
            "timestamp": "2024-09-10T18:16:35.831Z",
            "additional_data": null
        }
    },
    {
        "model": "auditlog.logentry",
        "pk": 18,
        "fields": {
            "content_type": 29,
            "object_pk": "1",
            "object_id": 1,
            "object_repr": "Sugerencia por javiercm el 10/09/2024",
            "serialized_data": null,
            "action": 0,
            "changes_text": "",
            "changes": {
                "id": [
                    "None",
                    "1"
                ],
                "body": [
                    "None",
                    "Queremos m\u00e1s videos en la plataforma."
                ],
                "date": [
                    "None",
                    "2024-09-10 18:17:13.095670"
                ],
                "user": [
                    "None",
                    "4"
                ],
                "title": [
                    "None",
                    "M\u00e1s videos"
                ],
                "resolved": [
                    "None",
                    "False"
                ]
            },
            "actor": null,
            "cid": null,
            "remote_addr": "127.0.0.1",
            "timestamp": "2024-09-10T18:17:13.111Z",
            "additional_data": null
        }
    },
    {
        "model": "auditlog.logentry",
        "pk": 19,
        "fields": {
            "content_type": 13,
            "object_pk": "1",
            "object_id": 1,
            "object_repr": "Tigri",
            "serialized_data": null,
            "action": 1,
            "changes_text": "",
            "changes": {
                "last_login": [
                    "2024-09-10 18:16:18.697557",
                    "2024-09-10 18:17:25.628927"
                ]
            },
            "actor": null,
            "cid": null,
            "remote_addr": "127.0.0.1",
            "timestamp": "2024-09-10T18:17:25.628Z",
            "additional_data": null
        }
    },
    {
        "model": "auditlog.logentry",
        "pk": 20,
        "fields": {
            "content_type": 13,
            "object_pk": "1",
            "object_id": 1,
            "object_repr": "Tigri",
            "serialized_data": null,
            "action": 1,
            "changes_text": "",
            "changes": {
                "last_login": [
                    "2024-09-10 18:17:25.628927",
                    "2024-09-10 19:19:43.946303"
                ]
            },
            "actor": null,
            "cid": null,
            "remote_addr": "127.0.0.1",
            "timestamp": "2024-09-10T19:19:43.962Z",
            "additional_data": null
        }
    },
    {
        "model": "auditlog.logentry",
        "pk": 21,
        "fields": {
            "content_type": 13,
            "object_pk": "1",
            "object_id": 1,
            "object_repr": "Tigri",
            "serialized_data": null,
            "action": 1,
            "changes_text": "",
            "changes": {
                "last_login": [
                    "2024-09-10 19:19:43.946303",
                    "2024-09-10 19:23:12.858740"
                ]
            },
            "actor": null,
            "cid": null,
            "remote_addr": "127.0.0.1",
            "timestamp": "2024-09-10T19:23:12.868Z",
            "additional_data": null
        }
    },
    {
        "model": "auditlog.logentry",
        "pk": 22,
        "fields": {
            "content_type": 13,
            "object_pk": "1",
            "object_id": 1,
            "object_repr": "Tigri",
            "serialized_data": null,
            "action": 1,
            "changes_text": "",
            "changes": {
                "last_login": [
                    "2024-09-10 19:23:12.858740",
                    "2024-09-10 19:24:58.839412"
                ]
            },
            "actor": null,
            "cid": null,
            "remote_addr": "127.0.0.1",
            "timestamp": "2024-09-10T19:24:58.840Z",
            "additional_data": null
        }
    },
    {
        "model": "auditlog.logentry",
        "pk": 23,
        "fields": {
            "content_type": 13,
            "object_pk": "1",
            "object_id": 1,
            "object_repr": "Tigri",
            "serialized_data": null,
            "action": 1,
            "changes_text": "",
            "changes": {
                "last_login": [
                    "2024-09-10 19:24:58.839412",
                    "2024-09-10 19:26:27.610897"
                ]
            },
            "actor": null,
            "cid": null,
            "remote_addr": "127.0.0.1",
            "timestamp": "2024-09-10T19:26:27.620Z",
            "additional_data": null
        }
    },
    {
        "model": "auditlog.logentry",
        "pk": 24,
        "fields": {
            "content_type": 13,
            "object_pk": "1",
            "object_id": 1,
            "object_repr": "Tigri",
            "serialized_data": null,
            "action": 1,
            "changes_text": "",
            "changes": {
                "last_login": [
                    "2024-09-10 19:26:27.610897",
                    "2024-09-10 19:31:31.257787"
                ]
            },
            "actor": null,
            "cid": null,
            "remote_addr": "127.0.0.1",
            "timestamp": "2024-09-10T19:31:31.257Z",
            "additional_data": null
        }
    },
    {
        "model": "auditlog.logentry",
        "pk": 25,
        "fields": {
            "content_type": 13,
            "object_pk": "1",
            "object_id": 1,
            "object_repr": "Tigri",
            "serialized_data": null,
            "action": 1,
            "changes_text": "",
            "changes": {
                "last_login": [
                    "2024-09-10 19:31:31.257787",
                    "2024-09-10 19:38:13.145017"
                ]
            },
            "actor": null,
            "cid": null,
            "remote_addr": "127.0.0.1",
            "timestamp": "2024-09-10T19:38:13.145Z",
            "additional_data": null
        }
    },
    {
        "model": "auditlog.logentry",
        "pk": 26,
        "fields": {
            "content_type": 13,
            "object_pk": "1",
            "object_id": 1,
            "object_repr": "Tigri",
            "serialized_data": null,
            "action": 1,
            "changes_text": "",
            "changes": {
                "last_login": [
                    "2024-09-10 19:38:13.145017",
                    "2024-09-10 19:38:56.777332"
                ]
            },
            "actor": null,
            "cid": null,
            "remote_addr": "127.0.0.1",
            "timestamp": "2024-09-10T19:38:56.793Z",
            "additional_data": null
        }
    },
    {
        "model": "auditlog.logentry",
        "pk": 27,
        "fields": {
            "content_type": 13,
            "object_pk": "1",
            "object_id": 1,
            "object_repr": "Tigri",
            "serialized_data": null,
            "action": 1,
            "changes_text": "",
            "changes": {
                "last_login": [
                    "2024-09-10 19:38:56.777332",
                    "2024-09-10 21:40:53.766676"
                ]
            },
            "actor": null,
            "cid": null,
            "remote_addr": "127.0.0.1",
            "timestamp": "2024-09-10T21:40:53.788Z",
            "additional_data": null
        }
    },
    {
        "model": "blogs.blog",
        "pk": 1,
        "fields": {
            "title": "Ingenier\u00eda de procesos en la fabricaci\u00f3n de alimentos: Optimizaci\u00f3n energ\u00e9tica y reducci\u00f3n del impacto ambiental",
            "body": "El sector alimentario, pilar fundamental de la econom\u00eda global, se encuentra en un momento crucial. Esto se debe a la creciente demanda de alimentos, sumada a la necesidad de proteger el medio ambiente. Lo anterior hace que sea necesario un replanteamiento de las estrategias de producci\u00f3n alimentaria.\r\n\r\n\r\n\r\nPara ello, la ingenier\u00eda de procesos de producci\u00f3n emerge como la aliada clave con el objetivo de alcanzar un futuro sostenible en la industria alimentaria.",
            "user": 2,
            "date": "2024-07-22T12:47:09.234Z",
            "image": "blog_picture/dietas-impacto-ambiental.webp"
        }
    },
    {
        "model": "blogs.blog",
        "pk": 2,
        "fields": {
            "title": "Celebraci\u00f3n del D\u00eda del Trabajador de la Industria Alimentaria",
            "body": "Hoy celebramos con gran entusiasmo el D\u00eda del Trabajador de la Industria Alimentaria. Este d\u00eda es una oportunidad para reconocer y agradecer el esfuerzo incansable de todos aquellos que, con su dedicaci\u00f3n y compromiso, aseguran que los alimentos lleguen a nuestras mesas. Desde los agricultores y productores hasta los t\u00e9cnicos y operarios, cada uno de ustedes juega un papel fundamental en la cadena de producci\u00f3n alimentaria.",
            "user": 3,
            "date": "2024-01-25T12:44:45.687Z",
            "image": "blog_picture/industria_alimentaria.jpg"
        }
    },
    {
        "model": "blogs.blog",
        "pk": 3,
        "fields": {
            "title": "Innovador queso de leche de camella llega al mercado cubano",
            "body": "En un emocionante desarrollo para el mercado alimentario cubano, un nuevo y ex\u00f3tico producto est\u00e1 a punto de hacer su debut: queso elaborado con leche de camella. Este queso, importado desde Qatar, llega a Cuba como una generosa donaci\u00f3n de nuestros hermanos qatar\u00edes. La introducci\u00f3n de este producto diversificar\u00e1 la oferta alimentaria en la isla. Este gesto de cooperaci\u00f3n internacional subraya los lazos de amistad y apoyo entre ambos pa\u00edses, y promete ser un deleite para los amantes del queso.",
            "user": 4,
            "date": "2024-07-15T15:11:02.037Z",
            "image": "blog_picture/queso.jpeg"
        }
    },
    {
        "model": "blogs.blog",
        "pk": 4,
        "fields": {
            "title": "Alinfo: Repositorio Virtual del Departamento de Ingenier\u00eda de Alimentos",
            "body": "Nos complace anunciar el desarrollo de una nueva versi\u00f3n de Alinfo, el repositorio virtual del Departamento de Ingenier\u00eda de Alimentos. Esta actualizaci\u00f3n incluye una aplicaci\u00f3n web mejorada y una nueva aplicaci\u00f3n para dispositivos Android. Ambas herramientas est\u00e1n dise\u00f1adas para facilitar el acceso a recursos y materiales educativos, mejorando as\u00ed la experiencia de aprendizaje y la gesti\u00f3n de informaci\u00f3n para estudiantes y profesionales del sector.",
            "user": 1,
            "date": "2024-05-13T03:51:10.046Z",
            "image": "blog_picture/noticia.jpg"
        }
    },
    {
        "model": "blogs.comment",
        "pk": 1,
        "fields": {
            "blog": 2,
            "user": 1,
            "text": "El texto destaca la importancia de la ingenier\u00eda de procesos en la industria alimentaria para enfrentar los desaf\u00edos actuales. La creciente demanda de alimentos y la necesidad de proteger el medio ambiente requieren nuevas estrategias de producci\u00f3n. La optimizaci\u00f3n energ\u00e9tica y la reducci\u00f3n del impacto ambiental son esenciales para un futuro sostenible. La ingenier\u00eda de procesos se presenta como una soluci\u00f3n clave para lograr estos objetivos.",
            "date": "2024-08-19T21:49:55.278Z"
        }
    },
    {
        "model": "blogs.comment",
        "pk": 2,
        "fields": {
            "blog": 3,
            "user": 2,
            "text": "El texto es un hermoso reconocimiento a los trabajadores de la industria alimentaria. Destaca la importancia de su labor y su dedicaci\u00f3n para asegurar que los alimentos lleguen a nuestras mesas. Es un mensaje de gratitud y celebraci\u00f3n que resalta el papel fundamental de cada trabajador en la cadena de producci\u00f3n alimentaria. \u00a1Una felicitaci\u00f3n bien merecida para todos ellos!",
            "date": "2024-08-19T21:56:15.807Z"
        }
    },
    {
        "model": "blogs.comment",
        "pk": 3,
        "fields": {
            "blog": 1,
            "user": 2,
            "text": "El texto es una excelente noticia para los estudiantes y profesionales del sector de Ingenier\u00eda de Alimentos. La nueva versi\u00f3n de Alinfo, con su aplicaci\u00f3n web mejorada y la nueva aplicaci\u00f3n Android, promete facilitar el acceso a recursos educativos y mejorar la gesti\u00f3n de informaci\u00f3n. Es un avance significativo que seguramente beneficiar\u00e1 a muchos. \u00a1Una actualizaci\u00f3n emocionante y muy esperada!",
            "date": "2024-08-19T21:57:43.031Z"
        }
    },
    {
        "model": "blogs.comment",
        "pk": 4,
        "fields": {
            "blog": 1,
            "user": 4,
            "text": "La noticia sobre la nueva versi\u00f3n de Alinfo es muy prometedora. La incorporaci\u00f3n de una aplicaci\u00f3n web mejorada y una nueva aplicaci\u00f3n Android demuestra un compromiso con la innovaci\u00f3n y la accesibilidad. Estas herramientas facilitar\u00e1n el acceso a informaci\u00f3n crucial y recursos educativos, beneficiando enormemente a la comunidad acad\u00e9mica y profesional del sector de Ingenier\u00eda de Alimentos. \u00a1Un avance tecnol\u00f3gico que sin duda ser\u00e1 muy bien recibido!",
            "date": "2024-08-19T21:59:53.086Z"
        }
    },
    {
        "model": "blogs.comment",
        "pk": 5,
        "fields": {
            "blog": 4,
            "user": 3,
            "text": "El texto anuncia la llegada de un nuevo producto al mercado cubano: queso elaborado con leche de camella, importado desde Qatar como una donaci\u00f3n. Este producto innovador podr\u00eda diversificar la oferta alimentaria en Cuba y ofrecer nuevas experiencias culinarias a los consumidores. Adem\u00e1s, refleja la cooperaci\u00f3n internacional y el apoyo entre pa\u00edses.",
            "date": "2024-08-19T21:51:01.335Z"
        }
    },
    {
        "model": "users.historicaluser",
        "pk": 1,
        "fields": {
            "id": 1,
            "password": "pbkdf2_sha256$870000$DElO27X4b7X9wjzB54Lrvj$03NCX0fbjXSK2UBeo7/w2+rHj7z5due6GcNxsvZNRtQ=",
            "last_login": null,
            "is_superuser": true,
            "user_name": "Tigri",
            "email": "sean.meissimilly@nauta.cu",
            "start_date": "2024-09-10T17:58:08.641Z",
            "bio": "",
            "image": "profile_picture/Isotipo.png",
            "is_staff": true,
            "is_active": true,
            "role": "admin",
            "last_login_ip": null,
            "history_date": "2024-09-10T17:58:08.953Z",
            "history_change_reason": null,
            "history_type": "+",
            "history_user": null
        }
    },
    {
        "model": "users.historicaluser",
        "pk": 2,
        "fields": {
            "id": 1,
            "password": "pbkdf2_sha256$870000$DElO27X4b7X9wjzB54Lrvj$03NCX0fbjXSK2UBeo7/w2+rHj7z5due6GcNxsvZNRtQ=",
            "last_login": "2024-09-10T17:58:37.662Z",
            "is_superuser": true,
            "user_name": "Tigri",
            "email": "sean.meissimilly@nauta.cu",
            "start_date": "2024-09-10T17:58:08.641Z",
            "bio": "",
            "image": "profile_picture/Isotipo.png",
            "is_staff": true,
            "is_active": true,
            "role": "admin",
            "last_login_ip": null,
            "history_date": "2024-09-10T17:58:37.671Z",
            "history_change_reason": null,
            "history_type": "~",
            "history_user": 1
        }
    },
    {
        "model": "users.historicaluser",
        "pk": 3,
        "fields": {
            "id": 1,
            "password": "pbkdf2_sha256$870000$DElO27X4b7X9wjzB54Lrvj$03NCX0fbjXSK2UBeo7/w2+rHj7z5due6GcNxsvZNRtQ=",
            "last_login": "2024-09-10T18:09:30.109Z",
            "is_superuser": true,
            "user_name": "Tigri",
            "email": "sean.meissimilly@nauta.cu",
            "start_date": "2024-09-10T17:58:08.641Z",
            "bio": "",
            "image": "profile_picture/Isotipo.png",
            "is_staff": true,
            "is_active": true,
            "role": "admin",
            "last_login_ip": null,
            "history_date": "2024-09-10T18:09:30.125Z",
            "history_change_reason": null,
            "history_type": "~",
            "history_user": null
        }
    },
    {
        "model": "users.historicaluser",
        "pk": 4,
        "fields": {
            "id": 1,
            "password": "pbkdf2_sha256$870000$DElO27X4b7X9wjzB54Lrvj$03NCX0fbjXSK2UBeo7/w2+rHj7z5due6GcNxsvZNRtQ=",
            "last_login": "2024-09-10T18:09:30.109Z",
            "is_superuser": true,
            "user_name": "Tigri",
            "email": "sean.meissimilly@nauta.cu",
            "start_date": "2024-09-10T17:58:08.641Z",
            "bio": "",
            "image": "profile_picture/Isotipo.png",
            "is_staff": true,
            "is_active": true,
            "role": "admin",
            "last_login_ip": "127.0.0.1",
            "history_date": "2024-09-10T18:09:30.131Z",
            "history_change_reason": null,
            "history_type": "~",
            "history_user": null
        }
    },
    {
        "model": "users.historicaluser",
        "pk": 5,
        "fields": {
            "id": 1,
            "password": "pbkdf2_sha256$870000$DElO27X4b7X9wjzB54Lrvj$03NCX0fbjXSK2UBeo7/w2+rHj7z5due6GcNxsvZNRtQ=",
            "last_login": "2024-09-10T18:13:41.835Z",
            "is_superuser": true,
            "user_name": "Tigri",
            "email": "sean.meissimilly@nauta.cu",
            "start_date": "2024-09-10T17:58:08.641Z",
            "bio": "Soy un estudiante de ingenier\u00eda informatica de 6to a\u00f1o.",
            "image": "profile_picture/David_perfil.jpeg",
            "is_staff": true,
            "is_active": true,
            "role": "admin",
            "last_login_ip": "127.0.0.1",
            "history_date": "2024-09-10T18:13:41.835Z",
            "history_change_reason": null,
            "history_type": "~",
            "history_user": null
        }
    },
    {
        "model": "users.historicaluser",
        "pk": 6,
        "fields": {
            "id": 1,
            "password": "pbkdf2_sha256$870000$DElO27X4b7X9wjzB54Lrvj$03NCX0fbjXSK2UBeo7/w2+rHj7z5due6GcNxsvZNRtQ=",
            "last_login": "2024-09-10T18:13:41.835Z",
            "is_superuser": true,
            "user_name": "Tigri",
            "email": "sean.meissimilly@nauta.cu",
            "start_date": "2024-09-10T17:58:08.641Z",
            "bio": "Soy un estudiante de ingenier\u00eda informatica de 6to a\u00f1o.",
            "image": "profile_picture/David_perfil.jpeg",
            "is_staff": true,
            "is_active": true,
            "role": "admin",
            "last_login_ip": "127.0.0.1",
            "history_date": "2024-09-10T18:13:41.852Z",
            "history_change_reason": null,
            "history_type": "~",
            "history_user": null
        }
    },
    {
        "model": "users.historicaluser",
        "pk": 7,
        "fields": {
            "id": 1,
            "password": "pbkdf2_sha256$870000$DElO27X4b7X9wjzB54Lrvj$03NCX0fbjXSK2UBeo7/w2+rHj7z5due6GcNxsvZNRtQ=",
            "last_login": "2024-09-10T18:14:35.933Z",
            "is_superuser": true,
            "user_name": "Tigri",
            "email": "sean.meissimilly@nauta.cu",
            "start_date": "2024-09-10T17:58:08.641Z",
            "bio": "Soy un estudiante de ingenier\u00eda informatica de 6to a\u00f1o.",
            "image": "profile_picture/David_perfil.jpg",
            "is_staff": true,
            "is_active": true,
            "role": "admin",
            "last_login_ip": "127.0.0.1",
            "history_date": "2024-09-10T18:14:35.933Z",
            "history_change_reason": null,
            "history_type": "~",
            "history_user": null
        }
    },
    {
        "model": "users.historicaluser",
        "pk": 8,
        "fields": {
            "id": 1,
            "password": "pbkdf2_sha256$870000$DElO27X4b7X9wjzB54Lrvj$03NCX0fbjXSK2UBeo7/w2+rHj7z5due6GcNxsvZNRtQ=",
            "last_login": "2024-09-10T18:14:35.933Z",
            "is_superuser": true,
            "user_name": "Tigri",
            "email": "sean.meissimilly@nauta.cu",
            "start_date": "2024-09-10T17:58:08.641Z",
            "bio": "Soy un estudiante de ingenier\u00eda informatica de 6to a\u00f1o.",
            "image": "profile_picture/David_perfil.jpg",
            "is_staff": true,
            "is_active": true,
            "role": "admin",
            "last_login_ip": "127.0.0.1",
            "history_date": "2024-09-10T18:14:35.949Z",
            "history_change_reason": null,
            "history_type": "~",
            "history_user": null
        }
    },
    {
        "model": "users.historicaluser",
        "pk": 9,
        "fields": {
            "id": 5,
            "password": "pbkdf2_sha256$870000$dWnFQlQMjAYzwW2WMLKhZr$xn1FuosgplwpaUKovFIPlH0d80z/1Td4Hdr6rGHTmKs=",
            "last_login": "2024-09-10T18:14:50.899Z",
            "is_superuser": false,
            "user_name": "mroll",
            "email": "mroll@ceis.cujae.edu.cu",
            "start_date": "2024-07-22T18:52:04Z",
            "bio": "Profesora Titular. Doctora en Ciencias. Tutora de David",
            "image": "profile_picture/Miriam_perfil.jpeg",
            "is_staff": false,
            "is_active": true,
            "role": "editor",
            "last_login_ip": null,
            "history_date": "2024-09-10T18:14:50.916Z",
            "history_change_reason": null,
            "history_type": "~",
            "history_user": null
        }
    },
    {
        "model": "users.historicaluser",
        "pk": 10,
        "fields": {
            "id": 5,
            "password": "pbkdf2_sha256$870000$dWnFQlQMjAYzwW2WMLKhZr$xn1FuosgplwpaUKovFIPlH0d80z/1Td4Hdr6rGHTmKs=",
            "last_login": "2024-09-10T18:14:50.899Z",
            "is_superuser": false,
            "user_name": "mroll",
            "email": "mroll@ceis.cujae.edu.cu",
            "start_date": "2024-07-22T18:52:04Z",
            "bio": "Profesora Titular. Doctora en Ciencias. Tutora de David",
            "image": "profile_picture/Miriam_perfil.jpeg",
            "is_staff": false,
            "is_active": true,
            "role": "editor",
            "last_login_ip": "127.0.0.1",
            "history_date": "2024-09-10T18:14:50.916Z",
            "history_change_reason": null,
            "history_type": "~",
            "history_user": null
        }
    },
    {
        "model": "users.historicaluser",
        "pk": 11,
        "fields": {
            "id": 1,
            "password": "pbkdf2_sha256$870000$DElO27X4b7X9wjzB54Lrvj$03NCX0fbjXSK2UBeo7/w2+rHj7z5due6GcNxsvZNRtQ=",
            "last_login": "2024-09-10T18:15:35.737Z",
            "is_superuser": true,
            "user_name": "Tigri",
            "email": "sean.meissimilly@nauta.cu",
            "start_date": "2024-09-10T17:58:08.641Z",
            "bio": "Soy un estudiante de ingenier\u00eda informatica de 6to a\u00f1o.",
            "image": "profile_picture/David_perfil.jpg",
            "is_staff": true,
            "is_active": true,
            "role": "admin",
            "last_login_ip": "127.0.0.1",
            "history_date": "2024-09-10T18:15:35.743Z",
            "history_change_reason": null,
            "history_type": "~",
            "history_user": 1
        }
    },
    {
        "model": "users.historicaluser",
        "pk": 12,
        "fields": {
            "id": 4,
            "password": "pbkdf2_sha256$870000$WVfon7y4DzpR4iR2R4v6ZX$ceErlgejBubTZo1TFQvQugNDbP2n/V0DBzlGRxzfJ38=",
            "last_login": "2024-09-10T18:15:56.564Z",
            "is_superuser": true,
            "user_name": "javiercm",
            "email": "javiercm@aster.cu",
            "start_date": "2024-03-19T18:52:49Z",
            "bio": "Yo soy un estudiante de 6to a\u00f1o de Ingenier\u00eda Inform\u00e1tica.",
            "image": "profile_picture/Javier_perfil.jpg",
            "is_staff": true,
            "is_active": true,
            "role": "admin",
            "last_login_ip": "172.17.13.2",
            "history_date": "2024-09-10T18:15:56.564Z",
            "history_change_reason": null,
            "history_type": "~",
            "history_user": null
        }
    },
    {
        "model": "users.historicaluser",
        "pk": 13,
        "fields": {
            "id": 4,
            "password": "pbkdf2_sha256$870000$WVfon7y4DzpR4iR2R4v6ZX$ceErlgejBubTZo1TFQvQugNDbP2n/V0DBzlGRxzfJ38=",
            "last_login": "2024-09-10T18:15:56.564Z",
            "is_superuser": true,
            "user_name": "javiercm",
            "email": "javiercm@aster.cu",
            "start_date": "2024-03-19T18:52:49Z",
            "bio": "Yo soy un estudiante de 6to a\u00f1o de Ingenier\u00eda Inform\u00e1tica.",
            "image": "profile_picture/Javier_perfil.jpg",
            "is_staff": true,
            "is_active": true,
            "role": "admin",
            "last_login_ip": "127.0.0.1",
            "history_date": "2024-09-10T18:15:56.564Z",
            "history_change_reason": null,
            "history_type": "~",
            "history_user": null
        }
    },
    {
        "model": "users.historicaluser",
        "pk": 14,
        "fields": {
            "id": 3,
            "password": "pbkdf2_sha256$870000$XxiosDzrAkbPjxG886HBCJ$oxXd4rjjEs3hCc+G/wLcC7SiN3WJgWipb9QorqOwAGc=",
            "last_login": "2024-09-10T18:16:03.797Z",
            "is_superuser": false,
            "user_name": "prueba1",
            "email": "prueba1@cuba.com",
            "start_date": "2024-08-29T17:11:15.586Z",
            "bio": "Usuario de Prueba",
            "image": "profile_picture/Isotipo.png",
            "is_staff": false,
            "is_active": true,
            "role": "reader",
            "last_login_ip": "172.17.13.3",
            "history_date": "2024-09-10T18:16:03.801Z",
            "history_change_reason": null,
            "history_type": "~",
            "history_user": null
        }
    },
    {
        "model": "users.historicaluser",
        "pk": 15,
        "fields": {
            "id": 3,
            "password": "pbkdf2_sha256$870000$XxiosDzrAkbPjxG886HBCJ$oxXd4rjjEs3hCc+G/wLcC7SiN3WJgWipb9QorqOwAGc=",
            "last_login": "2024-09-10T18:16:03.797Z",
            "is_superuser": false,
            "user_name": "prueba1",
            "email": "prueba1@cuba.com",
            "start_date": "2024-08-29T17:11:15.586Z",
            "bio": "Usuario de Prueba",
            "image": "profile_picture/Isotipo.png",
            "is_staff": false,
            "is_active": true,
            "role": "reader",
            "last_login_ip": "127.0.0.1",
            "history_date": "2024-09-10T18:16:03.801Z",
            "history_change_reason": null,
            "history_type": "~",
            "history_user": null
        }
    },
    {
        "model": "users.historicaluser",
        "pk": 16,
        "fields": {
            "id": 2,
            "password": "pbkdf2_sha256$870000$OjzItdr4lstI50iKyGsymB$Zs696E+qyfq563T1LzG398UlHw5gZyrCtgLvlbT4nUs=",
            "last_login": "2024-09-10T18:16:11.281Z",
            "is_superuser": false,
            "user_name": "dianne95",
            "email": "dianne95@nauta.cu",
            "start_date": "2024-06-10T18:53:17Z",
            "bio": "Yo soy licenciada en Geograf\u00eda",
            "image": "profile_picture/Dianne_perfil.jpg",
            "is_staff": false,
            "is_active": true,
            "role": "editor",
            "last_login_ip": "172.17.13.1",
            "history_date": "2024-09-10T18:16:11.298Z",
            "history_change_reason": null,
            "history_type": "~",
            "history_user": null
        }
    },
    {
        "model": "users.historicaluser",
        "pk": 17,
        "fields": {
            "id": 2,
            "password": "pbkdf2_sha256$870000$OjzItdr4lstI50iKyGsymB$Zs696E+qyfq563T1LzG398UlHw5gZyrCtgLvlbT4nUs=",
            "last_login": "2024-09-10T18:16:11.281Z",
            "is_superuser": false,
            "user_name": "dianne95",
            "email": "dianne95@nauta.cu",
            "start_date": "2024-06-10T18:53:17Z",
            "bio": "Yo soy licenciada en Geograf\u00eda",
            "image": "profile_picture/Dianne_perfil.jpg",
            "is_staff": false,
            "is_active": true,
            "role": "editor",
            "last_login_ip": "127.0.0.1",
            "history_date": "2024-09-10T18:16:11.307Z",
            "history_change_reason": null,
            "history_type": "~",
            "history_user": null
        }
    },
    {
        "model": "users.historicaluser",
        "pk": 18,
        "fields": {
            "id": 1,
            "password": "pbkdf2_sha256$870000$DElO27X4b7X9wjzB54Lrvj$03NCX0fbjXSK2UBeo7/w2+rHj7z5due6GcNxsvZNRtQ=",
            "last_login": "2024-09-10T18:16:18.697Z",
            "is_superuser": true,
            "user_name": "Tigri",
            "email": "sean.meissimilly@nauta.cu",
            "start_date": "2024-09-10T17:58:08.641Z",
            "bio": "Soy un estudiante de ingenier\u00eda informatica de 6to a\u00f1o.",
            "image": "profile_picture/David_perfil.jpg",
            "is_staff": true,
            "is_active": true,
            "role": "admin",
            "last_login_ip": "127.0.0.1",
            "history_date": "2024-09-10T18:16:18.700Z",
            "history_change_reason": null,
            "history_type": "~",
            "history_user": null
        }
    },
    {
        "model": "users.historicaluser",
        "pk": 19,
        "fields": {
            "id": 1,
            "password": "pbkdf2_sha256$870000$DElO27X4b7X9wjzB54Lrvj$03NCX0fbjXSK2UBeo7/w2+rHj7z5due6GcNxsvZNRtQ=",
            "last_login": "2024-09-10T18:16:18.697Z",
            "is_superuser": true,
            "user_name": "Tigri",
            "email": "sean.meissimilly@nauta.cu",
            "start_date": "2024-09-10T17:58:08.641Z",
            "bio": "Soy un estudiante de ingenier\u00eda informatica de 6to a\u00f1o.",
            "image": "profile_picture/David_perfil.jpg",
            "is_staff": true,
            "is_active": true,
            "role": "admin",
            "last_login_ip": "127.0.0.1",
            "history_date": "2024-09-10T18:16:18.715Z",
            "history_change_reason": null,
            "history_type": "~",
            "history_user": null
        }
    },
    {
        "model": "users.historicaluser",
        "pk": 20,
        "fields": {
            "id": 4,
            "password": "pbkdf2_sha256$870000$WVfon7y4DzpR4iR2R4v6ZX$ceErlgejBubTZo1TFQvQugNDbP2n/V0DBzlGRxzfJ38=",
            "last_login": "2024-09-10T18:16:35.831Z",
            "is_superuser": true,
            "user_name": "javiercm",
            "email": "javiercm@aster.cu",
            "start_date": "2024-03-19T18:52:49Z",
            "bio": "Yo soy un estudiante de 6to a\u00f1o de Ingenier\u00eda Inform\u00e1tica.",
            "image": "profile_picture/Javier_perfil.jpg",
            "is_staff": true,
            "is_active": true,
            "role": "admin",
            "last_login_ip": "127.0.0.1",
            "history_date": "2024-09-10T18:16:35.831Z",
            "history_change_reason": null,
            "history_type": "~",
            "history_user": null
        }
    },
    {
        "model": "users.historicaluser",
        "pk": 21,
        "fields": {
            "id": 4,
            "password": "pbkdf2_sha256$870000$WVfon7y4DzpR4iR2R4v6ZX$ceErlgejBubTZo1TFQvQugNDbP2n/V0DBzlGRxzfJ38=",
            "last_login": "2024-09-10T18:16:35.831Z",
            "is_superuser": true,
            "user_name": "javiercm",
            "email": "javiercm@aster.cu",
            "start_date": "2024-03-19T18:52:49Z",
            "bio": "Yo soy un estudiante de 6to a\u00f1o de Ingenier\u00eda Inform\u00e1tica.",
            "image": "profile_picture/Javier_perfil.jpg",
            "is_staff": true,
            "is_active": true,
            "role": "admin",
            "last_login_ip": "127.0.0.1",
            "history_date": "2024-09-10T18:16:35.843Z",
            "history_change_reason": null,
            "history_type": "~",
            "history_user": null
        }
    },
    {
        "model": "users.historicaluser",
        "pk": 22,
        "fields": {
            "id": 1,
            "password": "pbkdf2_sha256$870000$DElO27X4b7X9wjzB54Lrvj$03NCX0fbjXSK2UBeo7/w2+rHj7z5due6GcNxsvZNRtQ=",
            "last_login": "2024-09-10T18:17:25.628Z",
            "is_superuser": true,
            "user_name": "Tigri",
            "email": "sean.meissimilly@nauta.cu",
            "start_date": "2024-09-10T17:58:08.641Z",
            "bio": "Soy un estudiante de ingenier\u00eda informatica de 6to a\u00f1o.",
            "image": "profile_picture/David_perfil.jpg",
            "is_staff": true,
            "is_active": true,
            "role": "admin",
            "last_login_ip": "127.0.0.1",
            "history_date": "2024-09-10T18:17:25.643Z",
            "history_change_reason": null,
            "history_type": "~",
            "history_user": null
        }
    },
    {
        "model": "users.historicaluser",
        "pk": 23,
        "fields": {
            "id": 1,
            "password": "pbkdf2_sha256$870000$DElO27X4b7X9wjzB54Lrvj$03NCX0fbjXSK2UBeo7/w2+rHj7z5due6GcNxsvZNRtQ=",
            "last_login": "2024-09-10T18:17:25.628Z",
            "is_superuser": true,
            "user_name": "Tigri",
            "email": "sean.meissimilly@nauta.cu",
            "start_date": "2024-09-10T17:58:08.641Z",
            "bio": "Soy un estudiante de ingenier\u00eda informatica de 6to a\u00f1o.",
            "image": "profile_picture/David_perfil.jpg",
            "is_staff": true,
            "is_active": true,
            "role": "admin",
            "last_login_ip": "127.0.0.1",
            "history_date": "2024-09-10T18:17:25.645Z",
            "history_change_reason": null,
            "history_type": "~",
            "history_user": null
        }
    },
    {
        "model": "users.historicaluser",
        "pk": 24,
        "fields": {
            "id": 1,
            "password": "pbkdf2_sha256$870000$DElO27X4b7X9wjzB54Lrvj$03NCX0fbjXSK2UBeo7/w2+rHj7z5due6GcNxsvZNRtQ=",
            "last_login": "2024-09-10T19:19:43.946Z",
            "is_superuser": true,
            "user_name": "Tigri",
            "email": "sean.meissimilly@nauta.cu",
            "start_date": "2024-09-10T17:58:08.641Z",
            "bio": "Soy un estudiante de ingenier\u00eda informatica de 6to a\u00f1o.",
            "image": "profile_picture/David_perfil.jpg",
            "is_staff": true,
            "is_active": true,
            "role": "admin",
            "last_login_ip": "127.0.0.1",
            "history_date": "2024-09-10T19:19:43.979Z",
            "history_change_reason": null,
            "history_type": "~",
            "history_user": null
        }
    },
    {
        "model": "users.historicaluser",
        "pk": 25,
        "fields": {
            "id": 1,
            "password": "pbkdf2_sha256$870000$DElO27X4b7X9wjzB54Lrvj$03NCX0fbjXSK2UBeo7/w2+rHj7z5due6GcNxsvZNRtQ=",
            "last_login": "2024-09-10T19:19:43.946Z",
            "is_superuser": true,
            "user_name": "Tigri",
            "email": "sean.meissimilly@nauta.cu",
            "start_date": "2024-09-10T17:58:08.641Z",
            "bio": "Soy un estudiante de ingenier\u00eda informatica de 6to a\u00f1o.",
            "image": "profile_picture/David_perfil.jpg",
            "is_staff": true,
            "is_active": true,
            "role": "admin",
            "last_login_ip": "127.0.0.1",
            "history_date": "2024-09-10T19:19:44.000Z",
            "history_change_reason": null,
            "history_type": "~",
            "history_user": null
        }
    },
    {
        "model": "users.historicaluser",
        "pk": 26,
        "fields": {
            "id": 1,
            "password": "pbkdf2_sha256$870000$DElO27X4b7X9wjzB54Lrvj$03NCX0fbjXSK2UBeo7/w2+rHj7z5due6GcNxsvZNRtQ=",
            "last_login": "2024-09-10T19:23:12.858Z",
            "is_superuser": true,
            "user_name": "Tigri",
            "email": "sean.meissimilly@nauta.cu",
            "start_date": "2024-09-10T17:58:08.641Z",
            "bio": "Soy un estudiante de ingenier\u00eda informatica de 6to a\u00f1o.",
            "image": "profile_picture/David_perfil.jpg",
            "is_staff": true,
            "is_active": true,
            "role": "admin",
            "last_login_ip": "127.0.0.1",
            "history_date": "2024-09-10T19:23:12.875Z",
            "history_change_reason": null,
            "history_type": "~",
            "history_user": null
        }
    },
    {
        "model": "users.historicaluser",
        "pk": 27,
        "fields": {
            "id": 1,
            "password": "pbkdf2_sha256$870000$DElO27X4b7X9wjzB54Lrvj$03NCX0fbjXSK2UBeo7/w2+rHj7z5due6GcNxsvZNRtQ=",
            "last_login": "2024-09-10T19:23:12.858Z",
            "is_superuser": true,
            "user_name": "Tigri",
            "email": "sean.meissimilly@nauta.cu",
            "start_date": "2024-09-10T17:58:08.641Z",
            "bio": "Soy un estudiante de ingenier\u00eda informatica de 6to a\u00f1o.",
            "image": "profile_picture/David_perfil.jpg",
            "is_staff": true,
            "is_active": true,
            "role": "admin",
            "last_login_ip": "127.0.0.1",
            "history_date": "2024-09-10T19:23:12.898Z",
            "history_change_reason": null,
            "history_type": "~",
            "history_user": null
        }
    },
    {
        "model": "users.historicaluser",
        "pk": 28,
        "fields": {
            "id": 1,
            "password": "pbkdf2_sha256$870000$DElO27X4b7X9wjzB54Lrvj$03NCX0fbjXSK2UBeo7/w2+rHj7z5due6GcNxsvZNRtQ=",
            "last_login": "2024-09-10T19:24:58.839Z",
            "is_superuser": true,
            "user_name": "Tigri",
            "email": "sean.meissimilly@nauta.cu",
            "start_date": "2024-09-10T17:58:08.641Z",
            "bio": "Soy un estudiante de ingenier\u00eda informatica de 6to a\u00f1o.",
            "image": "profile_picture/David_perfil.jpg",
            "is_staff": true,
            "is_active": true,
            "role": "admin",
            "last_login_ip": "127.0.0.1",
            "history_date": "2024-09-10T19:24:58.850Z",
            "history_change_reason": null,
            "history_type": "~",
            "history_user": null
        }
    },
    {
        "model": "users.historicaluser",
        "pk": 29,
        "fields": {
            "id": 1,
            "password": "pbkdf2_sha256$870000$DElO27X4b7X9wjzB54Lrvj$03NCX0fbjXSK2UBeo7/w2+rHj7z5due6GcNxsvZNRtQ=",
            "last_login": "2024-09-10T19:24:58.839Z",
            "is_superuser": true,
            "user_name": "Tigri",
            "email": "sean.meissimilly@nauta.cu",
            "start_date": "2024-09-10T17:58:08.641Z",
            "bio": "Soy un estudiante de ingenier\u00eda informatica de 6to a\u00f1o.",
            "image": "profile_picture/David_perfil.jpg",
            "is_staff": true,
            "is_active": true,
            "role": "admin",
            "last_login_ip": "127.0.0.1",
            "history_date": "2024-09-10T19:24:58.864Z",
            "history_change_reason": null,
            "history_type": "~",
            "history_user": null
        }
    },
    {
        "model": "users.historicaluser",
        "pk": 30,
        "fields": {
            "id": 1,
            "password": "pbkdf2_sha256$870000$DElO27X4b7X9wjzB54Lrvj$03NCX0fbjXSK2UBeo7/w2+rHj7z5due6GcNxsvZNRtQ=",
            "last_login": "2024-09-10T19:26:27.610Z",
            "is_superuser": true,
            "user_name": "Tigri",
            "email": "sean.meissimilly@nauta.cu",
            "start_date": "2024-09-10T17:58:08.641Z",
            "bio": "Soy un estudiante de ingenier\u00eda informatica de 6to a\u00f1o.",
            "image": "profile_picture/David_perfil.jpg",
            "is_staff": true,
            "is_active": true,
            "role": "admin",
            "last_login_ip": "127.0.0.1",
            "history_date": "2024-09-10T19:26:27.633Z",
            "history_change_reason": null,
            "history_type": "~",
            "history_user": null
        }
    },
    {
        "model": "users.historicaluser",
        "pk": 31,
        "fields": {
            "id": 1,
            "password": "pbkdf2_sha256$870000$DElO27X4b7X9wjzB54Lrvj$03NCX0fbjXSK2UBeo7/w2+rHj7z5due6GcNxsvZNRtQ=",
            "last_login": "2024-09-10T19:26:27.610Z",
            "is_superuser": true,
            "user_name": "Tigri",
            "email": "sean.meissimilly@nauta.cu",
            "start_date": "2024-09-10T17:58:08.641Z",
            "bio": "Soy un estudiante de ingenier\u00eda informatica de 6to a\u00f1o.",
            "image": "profile_picture/David_perfil.jpg",
            "is_staff": true,
            "is_active": true,
            "role": "admin",
            "last_login_ip": "127.0.0.1",
            "history_date": "2024-09-10T19:26:27.660Z",
            "history_change_reason": null,
            "history_type": "~",
            "history_user": null
        }
    },
    {
        "model": "users.historicaluser",
        "pk": 32,
        "fields": {
            "id": 1,
            "password": "pbkdf2_sha256$870000$DElO27X4b7X9wjzB54Lrvj$03NCX0fbjXSK2UBeo7/w2+rHj7z5due6GcNxsvZNRtQ=",
            "last_login": "2024-09-10T19:31:31.257Z",
            "is_superuser": true,
            "user_name": "Tigri",
            "email": "sean.meissimilly@nauta.cu",
            "start_date": "2024-09-10T17:58:08.641Z",
            "bio": "Soy un estudiante de ingenier\u00eda informatica de 6to a\u00f1o.",
            "image": "profile_picture/David_perfil.jpg",
            "is_staff": true,
            "is_active": true,
            "role": "admin",
            "last_login_ip": "127.0.0.1",
            "history_date": "2024-09-10T19:31:31.257Z",
            "history_change_reason": null,
            "history_type": "~",
            "history_user": null
        }
    },
    {
        "model": "users.historicaluser",
        "pk": 33,
        "fields": {
            "id": 1,
            "password": "pbkdf2_sha256$870000$DElO27X4b7X9wjzB54Lrvj$03NCX0fbjXSK2UBeo7/w2+rHj7z5due6GcNxsvZNRtQ=",
            "last_login": "2024-09-10T19:31:31.257Z",
            "is_superuser": true,
            "user_name": "Tigri",
            "email": "sean.meissimilly@nauta.cu",
            "start_date": "2024-09-10T17:58:08.641Z",
            "bio": "Soy un estudiante de ingenier\u00eda informatica de 6to a\u00f1o.",
            "image": "profile_picture/David_perfil.jpg",
            "is_staff": true,
            "is_active": true,
            "role": "admin",
            "last_login_ip": "127.0.0.1",
            "history_date": "2024-09-10T19:31:31.274Z",
            "history_change_reason": null,
            "history_type": "~",
            "history_user": null
        }
    },
    {
        "model": "users.historicaluser",
        "pk": 34,
        "fields": {
            "id": 1,
            "password": "pbkdf2_sha256$870000$DElO27X4b7X9wjzB54Lrvj$03NCX0fbjXSK2UBeo7/w2+rHj7z5due6GcNxsvZNRtQ=",
            "last_login": "2024-09-10T19:38:13.145Z",
            "is_superuser": true,
            "user_name": "Tigri",
            "email": "sean.meissimilly@nauta.cu",
            "start_date": "2024-09-10T17:58:08.641Z",
            "bio": "Soy un estudiante de ingenier\u00eda informatica de 6to a\u00f1o.",
            "image": "profile_picture/David_perfil.jpg",
            "is_staff": true,
            "is_active": true,
            "role": "admin",
            "last_login_ip": "127.0.0.1",
            "history_date": "2024-09-10T19:38:13.161Z",
            "history_change_reason": null,
            "history_type": "~",
            "history_user": null
        }
    },
    {
        "model": "users.historicaluser",
        "pk": 35,
        "fields": {
            "id": 1,
            "password": "pbkdf2_sha256$870000$DElO27X4b7X9wjzB54Lrvj$03NCX0fbjXSK2UBeo7/w2+rHj7z5due6GcNxsvZNRtQ=",
            "last_login": "2024-09-10T19:38:13.145Z",
            "is_superuser": true,
            "user_name": "Tigri",
            "email": "sean.meissimilly@nauta.cu",
            "start_date": "2024-09-10T17:58:08.641Z",
            "bio": "Soy un estudiante de ingenier\u00eda informatica de 6to a\u00f1o.",
            "image": "profile_picture/David_perfil.jpg",
            "is_staff": true,
            "is_active": true,
            "role": "admin",
            "last_login_ip": "127.0.0.1",
            "history_date": "2024-09-10T19:38:13.161Z",
            "history_change_reason": null,
            "history_type": "~",
            "history_user": null
        }
    },
    {
        "model": "users.historicaluser",
        "pk": 36,
        "fields": {
            "id": 1,
            "password": "pbkdf2_sha256$870000$DElO27X4b7X9wjzB54Lrvj$03NCX0fbjXSK2UBeo7/w2+rHj7z5due6GcNxsvZNRtQ=",
            "last_login": "2024-09-10T19:38:56.777Z",
            "is_superuser": true,
            "user_name": "Tigri",
            "email": "sean.meissimilly@nauta.cu",
            "start_date": "2024-09-10T17:58:08.641Z",
            "bio": "Soy un estudiante de ingenier\u00eda informatica de 6to a\u00f1o.",
            "image": "profile_picture/David_perfil.jpg",
            "is_staff": true,
            "is_active": true,
            "role": "admin",
            "last_login_ip": "127.0.0.1",
            "history_date": "2024-09-10T19:38:56.793Z",
            "history_change_reason": null,
            "history_type": "~",
            "history_user": null
        }
    },
    {
        "model": "users.historicaluser",
        "pk": 37,
        "fields": {
            "id": 1,
            "password": "pbkdf2_sha256$870000$DElO27X4b7X9wjzB54Lrvj$03NCX0fbjXSK2UBeo7/w2+rHj7z5due6GcNxsvZNRtQ=",
            "last_login": "2024-09-10T19:38:56.777Z",
            "is_superuser": true,
            "user_name": "Tigri",
            "email": "sean.meissimilly@nauta.cu",
            "start_date": "2024-09-10T17:58:08.641Z",
            "bio": "Soy un estudiante de ingenier\u00eda informatica de 6to a\u00f1o.",
            "image": "profile_picture/David_perfil.jpg",
            "is_staff": true,
            "is_active": true,
            "role": "admin",
            "last_login_ip": "127.0.0.1",
            "history_date": "2024-09-10T19:38:56.810Z",
            "history_change_reason": null,
            "history_type": "~",
            "history_user": null
        }
    },
    {
        "model": "users.historicaluser",
        "pk": 38,
        "fields": {
            "id": 1,
            "password": "pbkdf2_sha256$870000$DElO27X4b7X9wjzB54Lrvj$03NCX0fbjXSK2UBeo7/w2+rHj7z5due6GcNxsvZNRtQ=",
            "last_login": "2024-09-10T21:40:53.766Z",
            "is_superuser": true,
            "user_name": "Tigri",
            "email": "sean.meissimilly@nauta.cu",
            "start_date": "2024-09-10T17:58:08.641Z",
            "bio": "Soy un estudiante de ingenier\u00eda informatica de 6to a\u00f1o.",
            "image": "profile_picture/David_perfil.jpg",
            "is_staff": true,
            "is_active": true,
            "role": "admin",
            "last_login_ip": "127.0.0.1",
            "history_date": "2024-09-10T21:40:53.799Z",
            "history_change_reason": null,
            "history_type": "~",
            "history_user": null
        }
    },
    {
        "model": "users.historicaluser",
        "pk": 39,
        "fields": {
            "id": 1,
            "password": "pbkdf2_sha256$870000$DElO27X4b7X9wjzB54Lrvj$03NCX0fbjXSK2UBeo7/w2+rHj7z5due6GcNxsvZNRtQ=",
            "last_login": "2024-09-10T21:40:53.766Z",
            "is_superuser": true,
            "user_name": "Tigri",
            "email": "sean.meissimilly@nauta.cu",
            "start_date": "2024-09-10T17:58:08.641Z",
            "bio": "Soy un estudiante de ingenier\u00eda informatica de 6to a\u00f1o.",
            "image": "profile_picture/David_perfil.jpg",
            "is_staff": true,
            "is_active": true,
            "role": "admin",
            "last_login_ip": "127.0.0.1",
            "history_date": "2024-09-10T21:40:53.835Z",
            "history_change_reason": null,
            "history_type": "~",
            "history_user": null
        }
    },
    {
        "model": "users.user",
        "pk": 1,
        "fields": {
            "password": "pbkdf2_sha256$870000$DElO27X4b7X9wjzB54Lrvj$03NCX0fbjXSK2UBeo7/w2+rHj7z5due6GcNxsvZNRtQ=",
            "last_login": "2024-09-10T21:40:53.766Z",
            "is_superuser": true,
            "user_name": "Tigri",
            "email": "sean.meissimilly@nauta.cu",
            "start_date": "2024-09-10T17:58:08.641Z",
            "bio": "Soy un estudiante de ingenier\u00eda informatica de 6to a\u00f1o.",
            "image": "profile_picture/David_perfil.jpg",
            "is_staff": true,
            "is_active": true,
            "role": "admin",
            "last_login_ip": "127.0.0.1",
            "groups": [],
            "user_permissions": []
        }
    },
    {
        "model": "users.user",
        "pk": 2,
        "fields": {
            "password": "pbkdf2_sha256$870000$OjzItdr4lstI50iKyGsymB$Zs696E+qyfq563T1LzG398UlHw5gZyrCtgLvlbT4nUs=",
            "last_login": "2024-09-10T18:16:11.281Z",
            "is_superuser": false,
            "user_name": "dianne95",
            "email": "dianne95@nauta.cu",
            "start_date": "2024-06-10T18:53:17Z",
            "bio": "Yo soy licenciada en Geograf\u00eda",
            "image": "profile_picture/Dianne_perfil.jpg",
            "is_staff": false,
            "is_active": true,
            "role": "editor",
            "last_login_ip": "127.0.0.1",
            "groups": [],
            "user_permissions": []
        }
    },
    {
        "model": "users.user",
        "pk": 3,
        "fields": {
            "password": "pbkdf2_sha256$870000$XxiosDzrAkbPjxG886HBCJ$oxXd4rjjEs3hCc+G/wLcC7SiN3WJgWipb9QorqOwAGc=",
            "last_login": "2024-09-10T18:16:03.797Z",
            "is_superuser": false,
            "user_name": "prueba1",
            "email": "prueba1@cuba.com",
            "start_date": "2024-08-29T17:11:15.586Z",
            "bio": "Usuario de Prueba",
            "image": "profile_picture/Isotipo.png",
            "is_staff": false,
            "is_active": true,
            "role": "reader",
            "last_login_ip": "127.0.0.1",
            "groups": [],
            "user_permissions": []
        }
    },
    {
        "model": "users.user",
        "pk": 4,
        "fields": {
            "password": "pbkdf2_sha256$870000$WVfon7y4DzpR4iR2R4v6ZX$ceErlgejBubTZo1TFQvQugNDbP2n/V0DBzlGRxzfJ38=",
            "last_login": "2024-09-10T18:16:35.831Z",
            "is_superuser": true,
            "user_name": "javiercm",
            "email": "javiercm@aster.cu",
            "start_date": "2024-03-19T18:52:49Z",
            "bio": "Yo soy un estudiante de 6to a\u00f1o de Ingenier\u00eda Inform\u00e1tica.",
            "image": "profile_picture/Javier_perfil.jpg",
            "is_staff": true,
            "is_active": true,
            "role": "admin",
            "last_login_ip": "127.0.0.1",
            "groups": [],
            "user_permissions": []
        }
    },
    {
        "model": "users.user",
        "pk": 5,
        "fields": {
            "password": "pbkdf2_sha256$870000$dWnFQlQMjAYzwW2WMLKhZr$xn1FuosgplwpaUKovFIPlH0d80z/1Td4Hdr6rGHTmKs=",
            "last_login": "2024-09-10T18:14:50.899Z",
            "is_superuser": false,
            "user_name": "mroll",
            "email": "mroll@ceis.cujae.edu.cu",
            "start_date": "2024-07-22T18:52:04Z",
            "bio": "Profesora Titular. Doctora en Ciencias. Tutora de David",
            "image": "profile_picture/Miriam_perfil.jpeg",
            "is_staff": false,
            "is_active": true,
            "role": "editor",
            "last_login_ip": "127.0.0.1",
            "groups": [],
            "user_permissions": []
        }
    },
    {
        "model": "applications.applicationclassification",
        "pk": 1,
        "fields": {
            "description": "Matem\u00e1tica"
        }
    },
    {
        "model": "applications.applicationclassification",
        "pk": 2,
        "fields": {
            "description": "F\u00edsica"
        }
    },
    {
        "model": "applications.applicationclassification",
        "pk": 3,
        "fields": {
            "description": "Qu\u00edmica"
        }
    },
    {
        "model": "applications.applicationclassification",
        "pk": 4,
        "fields": {
            "description": "Otros"
        }
    },
    {
        "model": "applications.application",
        "pk": 1,
        "fields": {
            "title": "Periodic",
            "version": "",
            "description": "Tabla Peri\u00f3dica",
            "user": 1,
            "date": "2024-07-19T22:21:25.155Z",
            "data": "tools/5.exe",
            "applicationclassification": 3
        }
    },
    {
        "model": "applications.application",
        "pk": 2,
        "fields": {
            "title": "Convertor de unidades para ingenieros",
            "version": "",
            "description": "Uconeer, excelente convertor de unidades para ingenieros.",
            "user": 3,
            "date": "2024-07-19T22:18:53.509Z",
            "data": "tools/Uconeer.exe",
            "applicationclassification": 2
        }
    },
    {
        "model": "applications.application",
        "pk": 3,
        "fields": {
            "title": "Derive 6.1 Portable",
            "version": "",
            "description": "Soluci\u00f3n de derivadas, integrales, simplificaci\u00f3n de ecuaciones, etc.",
            "user": 4,
            "date": "2024-07-19T22:20:16.322Z",
            "data": "tools/Derive_6.1_Portable.exe",
            "applicationclassification": 1
        }
    },
    {
        "model": "applications.application",
        "pk": 4,
        "fields": {
            "title": "winrar-x64",
            "version": "",
            "description": "Herramienta para descomprimir archivos",
            "user": 1,
            "date": "2024-08-12T00:23:14.472Z",
            "data": "tools/winrar-x64-701_Wg7BfDO.exe",
            "applicationclassification": 4
        }
    },
    {
        "model": "applications.application",
        "pk": 5,
        "fields": {
            "title": "Psicrom\u00e9trico",
            "version": "",
            "description": "Software Carta Psicrom\u00e9trica.",
            "user": 1,
            "date": "2024-08-19T19:01:11.317Z",
            "data": "tools/14.exe",
            "applicationclassification": 4
        }
    },
    {
        "model": "applications.application",
        "pk": 6,
        "fields": {
            "title": "SteamTab (Tablas de vapor)",
            "version": "",
            "description": "Software para la determinaci\u00f3n de las propiedades del vapor de agua en diferentes estados fisicot\u00e9cnicos.",
            "user": 2,
            "date": "2024-07-19T22:22:27.715Z",
            "data": "tools/SteamTab_Tablas_de_vapor.exe",
            "applicationclassification": 2
        }
    },
    {
        "model": "documents.documentclassification",
        "pk": 1,
        "fields": {
            "description": "Bebidas y Licores"
        }
    },
    {
        "model": "documents.documentclassification",
        "pk": 2,
        "fields": {
            "description": "Carne, Pescado y Productos Derivados"
        }
    },
    {
        "model": "documents.documentclassification",
        "pk": 3,
        "fields": {
            "description": "Extracci\u00f3n, Aromas y Microencapsulados"
        }
    },
    {
        "model": "documents.documentclassification",
        "pk": 4,
        "fields": {
            "description": "Frutas, Vegetales y Cereales"
        }
    },
    {
        "model": "documents.documentclassification",
        "pk": 5,
        "fields": {
            "description": "Leche y Productos L\u00e1cteos"
        }
    },
    {
        "model": "documents.documentclassification",
        "pk": 6,
        "fields": {
            "description": "Otros"
        }
    },
    {
        "model": "documents.documenttypes",
        "pk": 1,
        "fields": {
            "description": "Art\u00edculos"
        }
    },
    {
        "model": "documents.documenttypes",
        "pk": 2,
        "fields": {
            "description": "Tesis de Grado"
        }
    },
    {
        "model": "documents.documenttypes",
        "pk": 3,
        "fields": {
            "description": "Maestr\u00edas"
        }
    },
    {
        "model": "documents.documenttypes",
        "pk": 4,
        "fields": {
            "description": "Doctorados"
        }
    },
    {
        "model": "documents.document",
        "pk": 1,
        "fields": {
            "title": "Estimaci\u00f3n de las propiedades de transporte",
            "author": "Jos\u00e9 Gand\u00f3n Hern\u00e1ndez",
            "data": "documents/Documento_zy30I8f.pdf",
            "description": "Para el ingeniero qu\u00edmico resulta imprescindible estimar las propiedades de transporte, enti\u00e9ndase la viscosidad, la conductividad t\u00e9rmica y la difusividad de mezclas, de la forma m\u00e1s precisa posible...",
            "user": 4,
            "date": "2024-07-19T22:10:26.660Z",
            "documentclassification": 6,
            "documenttypes": 1
        }
    },
    {
        "model": "documents.document",
        "pk": 2,
        "fields": {
            "title": "Evaluaci\u00f3n de la operaci\u00f3n de Pasteurizaci\u00f3n de la l\u00ednea de embotellado en la Empresa Cervecera \u201cGuido P\u00e9rez Vald\u00e9s\u201d",
            "author": "Yoani Urquiza Rodr\u00edguez",
            "data": "documents/44.pdf",
            "description": "En este trabajo se lleva a cabo un estudio de las causas que est\u00e1n incidiendo en las continuas y cuantiosas devoluciones que se producen en la f\u00e1brica de cerveza \u201cGuido P\u00e9rez Vald\u00e9s\u201d; el estudio a fondo ser\u00e1 dedicado al proceso de pasteurizaci\u00f3n de la cerveza, sin dejar de tratar el proceso completo de elaboraci\u00f3n del producto.",
            "user": 3,
            "date": "2024-07-19T22:09:16.376Z",
            "documentclassification": 1,
            "documenttypes": 2
        }
    },
    {
        "model": "documents.document",
        "pk": 3,
        "fields": {
            "title": "Microencapsulaci\u00f3n de aceite esencial de mandarina mediante secado por atomizaci\u00f3n",
            "author": "Madai Bringas Lantigua",
            "data": "documents/Documento_4c0wviM.pdf",
            "description": "En el an\u00e1lisis de las potencialidades de la industria alimentaria cubana se ha descartado la falta de nuevas alternativas en la variedad de aromas, por lo cual se pretende promover una nueva posibilidad, esta consiste en producir aceite esencial microencapsulado mediante secado por atomizaci\u00f3n. Por lo tanto la presente tesis tuvo como objetivo general evaluar la factibilidad t\u00e9cnico-econ\u00f3mica de la producci\u00f3n en el pa\u00eds de aceite esencial de mandarina microencapsulado.",
            "user": 3,
            "date": "2024-07-19T22:07:44.430Z",
            "documentclassification": 3,
            "documenttypes": 2
        }
    },
    {
        "model": "documents.document",
        "pk": 4,
        "fields": {
            "title": "Estudio de la cin\u00e9tica de secado por aire caliente de desechos de la industria procesadora de tomate",
            "author": "Raiza Abreu Leyva",
            "data": "documents/Documento_0j0bMFr.pdf",
            "description": "Los carotenoides son importantes fitoqu\u00edmicos que se consideran responsables de efectos protectores de la salud de las frutas y verduras. Constituyen un grupo de cerca de 600 pigmentos liposolubles responsables de los colores amarillos, naranjas y rojos de las frutas y vegetales. En los \u00faltimos a\u00f1os los carotenoides han estado sujetos a un creciente inter\u00e9s debido a sus potenciales efectos sobre la salud humana.",
            "user": 3,
            "date": "2024-07-19T21:48:40.714Z",
            "documentclassification": 4,
            "documenttypes": 2
        }
    },
    {
        "model": "documents.document",
        "pk": 5,
        "fields": {
            "title": "P\u00e9rdidas de peso y calidad en carnes y productos c\u00e1rnicos durante el almacenamiento refrigerado y congelado",
            "author": "B. Beatriz Acosta P\u00e9rez",
            "data": "documents/95.pdf",
            "description": "La presente investigaci\u00f3n tiene como objetivo determinar las p\u00e9rdidas de peso y calidad real de bandas de cerdo, res y jam\u00f3n visking durante su almacenamiento en fr\u00edo.",
            "user": 2,
            "date": "2024-07-19T21:33:13.736Z",
            "documentclassification": 2,
            "documenttypes": 3
        }
    },
    {
        "model": "documents.document",
        "pk": 6,
        "fields": {
            "title": "Evaluaci\u00f3n Del Empleo De Un Nuevo Homogenizador En La Fabricaci\u00f3n De Helado Coppelia De Chocolate",
            "author": "Yanet Sariego Toledo, Eduardo Garc\u00eda Noa",
            "data": "documents/Documento_GXwHmyd.pdf",
            "description": "En este trabajo se realiza la evaluaci\u00f3n de la operaci\u00f3n de homogenizaci\u00f3n, mediante el an\u00e1lisis de los par\u00e1metros de calidad f\u00edsico-qu\u00edmicos y sensoriales...",
            "user": 1,
            "date": "2024-07-19T21:14:28.790Z",
            "documentclassification": 5,
            "documenttypes": 1
        }
    },
    {
        "model": "documents.document",
        "pk": 7,
        "fields": {
            "title": "La Simulaci\u00f3n de un Tren de Molinos, unas Experiencia Pr\u00e1ctica",
            "author": "Guido Riera Gonz\u00e1lez",
            "data": "documents/97.pdf",
            "description": "...",
            "user": 2,
            "date": "2024-07-19T21:27:24.876Z",
            "documentclassification": 6,
            "documenttypes": 4
        }
    },
    {
        "model": "documents.document",
        "pk": 8,
        "fields": {
            "title": "Tecnolog\u00eda de carne",
            "author": "Ofelia M\u00e9ndez Bustabad",
            "data": "documents/9.pdf",
            "description": "Nuevas Tecnolog\u00edas en la Industria de la Carne, Industria C\u00e1rnica cubana, a\u00f1o 2000, Tendencias en la Industria de la Carne, Estructura de la Carne, Tejido muscular. Estructura macrosc\u00f3pica y microsc\u00f3picas...",
            "user": 1,
            "date": "2024-08-11T18:37:56.775Z",
            "documentclassification": 2,
            "documenttypes": 1
        }
    },
    {
        "model": "documents.document",
        "pk": 9,
        "fields": {
            "title": "Cin\u00e9tica de Secado por Aire Caliente de Papa. Influencia de las Condiciones de Almacenamiento",
            "author": "Anabel Fr\u00edas Chirino",
            "data": "documents/92.pdf",
            "description": "Actualmente, m\u00e1s del 50 % de las papas producidas a nivel mundial son consumidas como productos elaborados (congeladas, chips, deshidratadas). La expansi\u00f3n de la industria de alimentos r\u00e1pidos a nivel mundial muestra el potencial de los productos de papa...",
            "user": 2,
            "date": "2024-07-19T21:26:10.447Z",
            "documentclassification": 4,
            "documenttypes": 4
        }
    },
    {
        "model": "documents.document",
        "pk": 10,
        "fields": {
            "title": "An\u00e1lisis de Procesos en Tecnolog\u00edas L\u00e1cteas",
            "author": "Eduardo J. Garc\u00eda Noa, Julio A. D\u00edaz Abreu, Mar\u00edtza Guti\u00e9rrez Duque",
            "data": "documents/Documento.pdf",
            "description": "El incremento de la eficiencia econ\u00f3mica en los procesos industriales es una tarea de primordial importancia, ya que es la v\u00eda mediante la cual pueden lograrse reducciones significativas en los costos de producci\u00f3n, sin que se requiera un proceso inversionista de grandes proporciones...",
            "user": 1,
            "date": "2024-07-19T21:13:13.282Z",
            "documentclassification": 5,
            "documenttypes": 1
        }
    },
    {
        "model": "documents.document",
        "pk": 11,
        "fields": {
            "title": "Desarrollo de una tecnolog\u00eda para producir licor de lim\u00f3n",
            "author": "Arlyn Reyes Linares",
            "data": "documents/Documento_IA1BZQz.pdf",
            "description": "El Centro de Referencia de Alcoholes y Bebidas del ICIDCA tiene entre sus objetivos, desarrollar y perfeccionar mediante la I+D tecnolog\u00edas de producci\u00f3n de bebidas destiladas y la obtenci\u00f3n de nuevos productos para ser transferidos a las f\u00e1bricas del MINAZ.",
            "user": 4,
            "date": "2024-07-19T22:13:07.898Z",
            "documentclassification": 1,
            "documenttypes": 3
        }
    },
    {
        "model": "documents.document",
        "pk": 12,
        "fields": {
            "title": "Estudio de la operaci\u00f3n de extracci\u00f3n del colorante de bija",
            "author": "Yisser Garc\u00eda Vigoa",
            "data": "documents/Documento_Y2dpDAE.pdf",
            "description": "El presente trabajo tiene como objetivo definir a escala de laboratorio las condiciones operacionales m\u00e1s convenientes para la extracci\u00f3n del colorante de bija empleando una...",
            "user": 4,
            "date": "2024-07-19T22:11:29.612Z",
            "documentclassification": 3,
            "documenttypes": 3
        }
    },
    {
        "model": "documents.document",
        "pk": 13,
        "fields": {
            "title": "Evaluaci\u00f3n tecnol\u00f3gica e higi\u00e9nico-sanitaria del procesamiento del pollo congelado de importaci\u00f3n en el Centro de Elaboraci\u00f3n de Boyeros y Camaguey",
            "author": "Surie Dorta Ortega",
            "data": "documents/Documento_zug6VvN.pdf",
            "description": "Uno de los productos alimenticios que m\u00e1s se importa en Cuba es el pollo, con el cual el estado suple en parte las necesidades proteicas de la poblaci\u00f3n y tiene una gran demanda entre nuestros consumidores.",
            "user": 4,
            "date": "2024-07-19T22:15:26.859Z",
            "documentclassification": 2,
            "documenttypes": 3
        }
    },
    {
        "model": "documents.document",
        "pk": 14,
        "fields": {
            "title": "Optimizaci\u00f3n del proceso de fabricaci\u00f3n de helado",
            "author": "Gisela Aguirre Borrero",
            "data": "documents/Optimizaci\u00f3n_del_proceso_de_fabricaci\u00f3n_de_helado.pdf",
            "description": "El presente trabajo se desarroll\u00f3 en la Planta de Helados del Complejo L\u00e1cteo de la Habana. Actualmente en esta planta existe un uso no racional de las materias primas y en aras de disminuir este indicador perjudicial para la econom\u00eda se proceder\u00e1 a utilizar un m\u00e9todo de optimizaci\u00f3n que me permita disminuir al m\u00e1ximo el consumo de las materias primas empleadas en este proceso manteniendo la calidad.",
            "user": 1,
            "date": "2024-07-19T21:24:26.569Z",
            "documentclassification": 5,
            "documenttypes": 2
        }
    },
    {
        "model": "documents.document",
        "pk": 15,
        "fields": {
            "title": "Aplicaci\u00f3n del dise\u00f1o por la calidad en la obtenci\u00f3n de la leche de soya",
            "author": "Yubileiny Hern\u00e1ndez Blanco",
            "data": "documents/Aplicacion_del_diseno_por_la_calidad_en_la_obtencion_de_la_leche_de_soya_l6sGBop.pdf",
            "description": "Este trabajo se realiz\u00f3 en la planta de soya del Complejo L\u00e1cteo de la Habana, centro en el cual se produce el 80 % del yogur de soya que se consume en...",
            "user": 1,
            "date": "2024-08-19T18:54:32.447Z",
            "documentclassification": 5,
            "documenttypes": 2
        }
    },
    {
        "model": "documents.document",
        "pk": 16,
        "fields": {
            "title": "Propuesta de una Metodolog\u00eda para la implantaci\u00f3n del Sistema de la Calidad en el Laboratorio de Microbiolog\u00eda del Departamento Fundamentos Qu\u00edmicos y Biol\u00f3gicos",
            "author": "Vicenta Pita Bravo",
            "data": "documents/Metodolog\u00eda_para_la_implantaci\u00f3n_del_Sistema_de_la_Calidad_en_el_Laboratorio.pdf",
            "description": "En el terreno internacional se trabaja desde hace algunos a\u00f1os y de manera reciente en nuestro pa\u00eds en la implantaci\u00f3n de las normas ISO 9000 para la certificaci\u00f3n de sistemas de la calidad en general y en particular primeramente con la NC, ISO/IEC gu\u00eda 25:92 y en la actualidad con la NC, ISO/IEC 17025:00 para la evaluaci\u00f3n de la competencia t\u00e9cnica de los laboratorios de ensayo y calibraci\u00f3n.",
            "user": 1,
            "date": "2024-08-19T18:58:53.984Z",
            "documentclassification": 6,
            "documenttypes": 3
        }
    },
    {
        "model": "multimedia.multimediaclassification",
        "pk": 1,
        "fields": {
            "description": "Bebidas y Licores"
        }
    },
    {
        "model": "multimedia.multimediaclassification",
        "pk": 2,
        "fields": {
            "description": "Carne, Pescado  y Productos Derivados"
        }
    },
    {
        "model": "multimedia.multimediaclassification",
        "pk": 3,
        "fields": {
            "description": "Extracci\u00f3n, Aromas y Microencapsulados"
        }
    },
    {
        "model": "multimedia.multimediaclassification",
        "pk": 4,
        "fields": {
            "description": "Frutas, Vegetales y Cereales"
        }
    },
    {
        "model": "multimedia.multimediaclassification",
        "pk": 5,
        "fields": {
            "description": "Leche y Productos L\u00e1cteos"
        }
    },
    {
        "model": "multimedia.multimediaclassification",
        "pk": 6,
        "fields": {
            "description": "Otros"
        }
    },
    {
        "model": "multimedia.multimedia",
        "pk": 1,
        "fields": {
            "title": "C\u00f3mo Se Hace La Cerveza Proceso En F\u00e1brica",
            "data": "videos/C\u00f3mo_Se_Hace_La_Cerveza_Proceso_En_F\u00e1brica.mp4",
            "description": "La fabricaci\u00f3n de cerveza en una f\u00e1brica comienza con el malteado de la cebada, donde los granos se remojan y se secan para convertir los almidones en az\u00facares fermentables.",
            "user": 1,
            "date": "2024-08-11T18:27:46.646Z",
            "multimediaclassification": 1
        }
    },
    {
        "model": "multimedia.multimedia",
        "pk": 2,
        "fields": {
            "title": "Alimentos: El secreto m\u00e1s importante es expuesto",
            "data": "videos/Alimentos__El_secreto_m\u00e1s_grande_es_expuesto.mp4",
            "description": "Sospechas acerca de la peligrosidad de algunos alimentos y aditivos.",
            "user": 1,
            "date": "2024-08-11T18:28:16.931Z",
            "multimediaclassification": 6
        }
    },
    {
        "model": "multimedia.multimedia",
        "pk": 3,
        "fields": {
            "title": "El experimento de la BBC sobre los efectos de los alimentos ultraprocesados",
            "data": "videos/El_experimento_de_la_BBC_sobre_los_efectos_de_los_alimentos_ultraprocesados.mp4",
            "description": "Da un poco de miedo ver esos resultados despu\u00e9s de s\u00f3lo dos semanas\". Aimee, de 24 a\u00f1os, ha pasado dos semanas siguiendo una dieta de alimentos ultraprocesados como parte de un estudio realizado por cient\u00edficos del King's College de Londres para el programa Panorama de la BBC.\r\n\r\nNancy, su hermana gemela, sigui\u00f3 una dieta que conten\u00eda exactamente la misma cantidad de calor\u00edas, nutrientes, grasas, az\u00facar y fibra. Pero en su caso, ingiriendo solo alimentos frescos o poco procesados.",
            "user": 1,
            "date": "2024-08-13T23:37:25.366Z",
            "multimediaclassification": 6
        }
    },
    {
        "model": "suggestions.historicalsuggestion",
        "pk": 1,
        "fields": {
            "id": 1,
            "title": "M\u00e1s videos",
            "body": "Queremos m\u00e1s videos en la plataforma.",
            "date": "2024-09-10T18:17:13.095Z",
            "resolved": false,
            "user": 4,
            "history_date": "2024-09-10T18:17:13.104Z",
            "history_change_reason": null,
            "history_type": "+",
            "history_user": 4
        }
    },
    {
        "model": "suggestions.suggestion",
        "pk": 1,
        "fields": {
            "title": "M\u00e1s videos",
            "body": "Queremos m\u00e1s videos en la plataforma.",
            "user": 4,
            "date": "2024-09-10T18:17:13.095Z",
            "resolved": false
        }
    }
]
