[{"model": "auth.permission", "pk": 1, "fields": {"name": "Can add log entry", "content_type": 1, "codename": "add_logentry"}}, {"model": "auth.permission", "pk": 2, "fields": {"name": "Can change log entry", "content_type": 1, "codename": "change_logentry"}}, {"model": "auth.permission", "pk": 3, "fields": {"name": "Can delete log entry", "content_type": 1, "codename": "delete_logentry"}}, {"model": "auth.permission", "pk": 4, "fields": {"name": "Can view log entry", "content_type": 1, "codename": "view_logentry"}}, {"model": "auth.permission", "pk": 5, "fields": {"name": "Can add permission", "content_type": 2, "codename": "add_permission"}}, {"model": "auth.permission", "pk": 6, "fields": {"name": "Can change permission", "content_type": 2, "codename": "change_permission"}}, {"model": "auth.permission", "pk": 7, "fields": {"name": "Can delete permission", "content_type": 2, "codename": "delete_permission"}}, {"model": "auth.permission", "pk": 8, "fields": {"name": "Can view permission", "content_type": 2, "codename": "view_permission"}}, {"model": "auth.permission", "pk": 9, "fields": {"name": "Can add group", "content_type": 3, "codename": "add_group"}}, {"model": "auth.permission", "pk": 10, "fields": {"name": "Can change group", "content_type": 3, "codename": "change_group"}}, {"model": "auth.permission", "pk": 11, "fields": {"name": "Can delete group", "content_type": 3, "codename": "delete_group"}}, {"model": "auth.permission", "pk": 12, "fields": {"name": "Can view group", "content_type": 3, "codename": "view_group"}}, {"model": "auth.permission", "pk": 13, "fields": {"name": "Can add content type", "content_type": 4, "codename": "add_contenttype"}}, {"model": "auth.permission", "pk": 14, "fields": {"name": "Can change content type", "content_type": 4, "codename": "change_contenttype"}}, {"model": "auth.permission", "pk": 15, "fields": {"name": "Can delete content type", "content_type": 4, "codename": "delete_contenttype"}}, {"model": "auth.permission", "pk": 16, "fields": {"name": "Can view content type", "content_type": 4, "codename": "view_contenttype"}}, {"model": "auth.permission", "pk": 17, "fields": {"name": "Can add session", "content_type": 5, "codename": "add_session"}}, {"model": "auth.permission", "pk": 18, "fields": {"name": "Can change session", "content_type": 5, "codename": "change_session"}}, {"model": "auth.permission", "pk": 19, "fields": {"name": "Can delete session", "content_type": 5, "codename": "delete_session"}}, {"model": "auth.permission", "pk": 20, "fields": {"name": "Can view session", "content_type": 5, "codename": "view_session"}}, {"model": "auth.permission", "pk": 21, "fields": {"name": "Can add blog", "content_type": 6, "codename": "add_blog"}}, {"model": "auth.permission", "pk": 22, "fields": {"name": "Can change blog", "content_type": 6, "codename": "change_blog"}}, {"model": "auth.permission", "pk": 23, "fields": {"name": "Can delete blog", "content_type": 6, "codename": "delete_blog"}}, {"model": "auth.permission", "pk": 24, "fields": {"name": "Can view blog", "content_type": 6, "codename": "view_blog"}}, {"model": "auth.permission", "pk": 25, "fields": {"name": "Can add comment", "content_type": 7, "codename": "add_comment"}}, {"model": "auth.permission", "pk": 26, "fields": {"name": "Can change comment", "content_type": 7, "codename": "change_comment"}}, {"model": "auth.permission", "pk": 27, "fields": {"name": "Can delete comment", "content_type": 7, "codename": "delete_comment"}}, {"model": "auth.permission", "pk": 28, "fields": {"name": "Can view comment", "content_type": 7, "codename": "view_comment"}}, {"model": "auth.permission", "pk": 29, "fields": {"name": "Can add user", "content_type": 8, "codename": "add_user"}}, {"model": "auth.permission", "pk": 30, "fields": {"name": "Can change user", "content_type": 8, "codename": "change_user"}}, {"model": "auth.permission", "pk": 31, "fields": {"name": "Can delete user", "content_type": 8, "codename": "delete_user"}}, {"model": "auth.permission", "pk": 32, "fields": {"name": "Can view user", "content_type": 8, "codename": "view_user"}}, {"model": "auth.permission", "pk": 33, "fields": {"name": "Can add application", "content_type": 9, "codename": "add_application"}}, {"model": "auth.permission", "pk": 34, "fields": {"name": "Can change application", "content_type": 9, "codename": "change_application"}}, {"model": "auth.permission", "pk": 35, "fields": {"name": "Can delete application", "content_type": 9, "codename": "delete_application"}}, {"model": "auth.permission", "pk": 36, "fields": {"name": "Can view application", "content_type": 9, "codename": "view_application"}}, {"model": "auth.permission", "pk": 37, "fields": {"name": "Can add applicationclassification", "content_type": 10, "codename": "add_applicationclassification"}}, {"model": "auth.permission", "pk": 38, "fields": {"name": "Can change applicationclassification", "content_type": 10, "codename": "change_applicationclassification"}}, {"model": "auth.permission", "pk": 39, "fields": {"name": "Can delete applicationclassification", "content_type": 10, "codename": "delete_applicationclassification"}}, {"model": "auth.permission", "pk": 40, "fields": {"name": "Can view applicationclassification", "content_type": 10, "codename": "view_applicationclassification"}}, {"model": "auth.permission", "pk": 41, "fields": {"name": "Can add documentclassification", "content_type": 11, "codename": "add_documentclassification"}}, {"model": "auth.permission", "pk": 42, "fields": {"name": "Can change documentclassification", "content_type": 11, "codename": "change_documentclassification"}}, {"model": "auth.permission", "pk": 43, "fields": {"name": "Can delete documentclassification", "content_type": 11, "codename": "delete_documentclassification"}}, {"model": "auth.permission", "pk": 44, "fields": {"name": "Can view documentclassification", "content_type": 11, "codename": "view_documentclassification"}}, {"model": "auth.permission", "pk": 45, "fields": {"name": "Can add document", "content_type": 12, "codename": "add_document"}}, {"model": "auth.permission", "pk": 46, "fields": {"name": "Can change document", "content_type": 12, "codename": "change_document"}}, {"model": "auth.permission", "pk": 47, "fields": {"name": "Can delete document", "content_type": 12, "codename": "delete_document"}}, {"model": "auth.permission", "pk": 48, "fields": {"name": "Can view document", "content_type": 12, "codename": "view_document"}}, {"model": "auth.permission", "pk": 49, "fields": {"name": "Can add documenttypes", "content_type": 13, "codename": "add_documenttypes"}}, {"model": "auth.permission", "pk": 50, "fields": {"name": "Can change documenttypes", "content_type": 13, "codename": "change_documenttypes"}}, {"model": "auth.permission", "pk": 51, "fields": {"name": "Can delete documenttypes", "content_type": 13, "codename": "delete_documenttypes"}}, {"model": "auth.permission", "pk": 52, "fields": {"name": "Can view documenttypes", "content_type": 13, "codename": "view_documenttypes"}}, {"model": "auth.permission", "pk": 53, "fields": {"name": "Can add multimedia", "content_type": 14, "codename": "add_multimedia"}}, {"model": "auth.permission", "pk": 54, "fields": {"name": "Can change multimedia", "content_type": 14, "codename": "change_multimedia"}}, {"model": "auth.permission", "pk": 55, "fields": {"name": "Can delete multimedia", "content_type": 14, "codename": "delete_multimedia"}}, {"model": "auth.permission", "pk": 56, "fields": {"name": "Can view multimedia", "content_type": 14, "codename": "view_multimedia"}}, {"model": "auth.permission", "pk": 57, "fields": {"name": "Can add multimediaclassification", "content_type": 15, "codename": "add_multimediaclassification"}}, {"model": "auth.permission", "pk": 58, "fields": {"name": "Can change multimediaclassification", "content_type": 15, "codename": "change_multimediaclassification"}}, {"model": "auth.permission", "pk": 59, "fields": {"name": "Can delete multimediaclassification", "content_type": 15, "codename": "delete_multimediaclassification"}}, {"model": "auth.permission", "pk": 60, "fields": {"name": "Can view multimediaclassification", "content_type": 15, "codename": "view_multimediaclassification"}}, {"model": "auth.permission", "pk": 61, "fields": {"name": "Can add suggestion", "content_type": 16, "codename": "add_suggestion"}}, {"model": "auth.permission", "pk": 62, "fields": {"name": "Can change suggestion", "content_type": 16, "codename": "change_suggestion"}}, {"model": "auth.permission", "pk": 63, "fields": {"name": "Can delete suggestion", "content_type": 16, "codename": "delete_suggestion"}}, {"model": "auth.permission", "pk": 64, "fields": {"name": "Can view suggestion", "content_type": 16, "codename": "view_suggestion"}}, {"model": "auth.permission", "pk": 65, "fields": {"name": "Can add blacklisted token", "content_type": 17, "codename": "add_blacklistedtoken"}}, {"model": "auth.permission", "pk": 66, "fields": {"name": "Can change blacklisted token", "content_type": 17, "codename": "change_blacklistedtoken"}}, {"model": "auth.permission", "pk": 67, "fields": {"name": "Can delete blacklisted token", "content_type": 17, "codename": "delete_blacklistedtoken"}}, {"model": "auth.permission", "pk": 68, "fields": {"name": "Can view blacklisted token", "content_type": 17, "codename": "view_blacklistedtoken"}}, {"model": "auth.permission", "pk": 69, "fields": {"name": "Can add outstanding token", "content_type": 18, "codename": "add_outstandingtoken"}}, {"model": "auth.permission", "pk": 70, "fields": {"name": "Can change outstanding token", "content_type": 18, "codename": "change_outstandingtoken"}}, {"model": "auth.permission", "pk": 71, "fields": {"name": "Can delete outstanding token", "content_type": 18, "codename": "delete_outstandingtoken"}}, {"model": "auth.permission", "pk": 72, "fields": {"name": "Can view outstanding token", "content_type": 18, "codename": "view_outstandingtoken"}}, {"model": "contenttypes.contenttype", "pk": 1, "fields": {"app_label": "admin", "model": "logentry"}}, {"model": "contenttypes.contenttype", "pk": 2, "fields": {"app_label": "auth", "model": "permission"}}, {"model": "contenttypes.contenttype", "pk": 3, "fields": {"app_label": "auth", "model": "group"}}, {"model": "contenttypes.contenttype", "pk": 4, "fields": {"app_label": "contenttypes", "model": "contenttype"}}, {"model": "contenttypes.contenttype", "pk": 5, "fields": {"app_label": "sessions", "model": "session"}}, {"model": "contenttypes.contenttype", "pk": 6, "fields": {"app_label": "blogs", "model": "blog"}}, {"model": "contenttypes.contenttype", "pk": 7, "fields": {"app_label": "blogs", "model": "comment"}}, {"model": "contenttypes.contenttype", "pk": 8, "fields": {"app_label": "users", "model": "user"}}, {"model": "contenttypes.contenttype", "pk": 9, "fields": {"app_label": "applications", "model": "application"}}, {"model": "contenttypes.contenttype", "pk": 10, "fields": {"app_label": "applications", "model": "applicationclassification"}}, {"model": "contenttypes.contenttype", "pk": 11, "fields": {"app_label": "documents", "model": "documentclassification"}}, {"model": "contenttypes.contenttype", "pk": 12, "fields": {"app_label": "documents", "model": "document"}}, {"model": "contenttypes.contenttype", "pk": 13, "fields": {"app_label": "documents", "model": "documenttypes"}}, {"model": "contenttypes.contenttype", "pk": 14, "fields": {"app_label": "multimedia", "model": "multimedia"}}, {"model": "contenttypes.contenttype", "pk": 15, "fields": {"app_label": "multimedia", "model": "multimediaclassification"}}, {"model": "contenttypes.contenttype", "pk": 16, "fields": {"app_label": "suggestions", "model": "suggestion"}}, {"model": "contenttypes.contenttype", "pk": 17, "fields": {"app_label": "token_blacklist", "model": "blacklistedtoken"}}, {"model": "contenttypes.contenttype", "pk": 18, "fields": {"app_label": "token_blacklist", "model": "outstandingtoken"}}, {"model": "sessions.session", "pk": "3ijryvozugebkcv65v90duf7z3z6ovx7", "fields": {"session_data": ".eJxVjEEOwiAQRe_C2hAo0IBL956BMMyMVA0kpV013t026UK3_733NxHTupS4dprjhOIqtLj8bpDyi-oB8Jnqo8nc6jJPIA9FnrTLe0N6307376CkXvY6oPEewKvgUCkXMlscYUzGcSA2etip5iFlC4HRkkNCzDqw80jkWXy-8fc5FA:1sgmRT:D18iVaNzkm6aXIH_wyNZ2Wgvl7R1nVnXDIlo6-zQ1bE", "expire_date": "2024-09-04T14:36:07.973Z"}}, {"model": "sessions.session", "pk": "zymm6yrozp7vzltbityxcgziq5syzwa8", "fields": {"session_data": ".eJxVjEEOwiAQRe_C2pBCgQGX7j0DGZhRqgaS0q6Md7dNutDtf-_9t4i4LiWunec4kTgLJU6_W8L85LoDemC9N5lbXeYpyV2RB-3y2ohfl8P9OyjYy1Zr9IZZJ2dVQMM0QgCrMCA7sga0McFyxsHBwN7DDcCPLjAooLBBJT5f0Mg22w:1sg7KQ:N74k3gYsPT7r_CUIHt9UvLiZP-soJd9n_S2eZAs0_HE", "expire_date": "2024-09-02T18:42:06.464Z"}}, {"model": "blogs.blog", "pk": 1, "fields": {"title": "Alinfo: Repositorio Virtual del Departamento de Ingeniería de Alimentos", "body": "Nos complace anunciar el desarrollo de una nueva versión de Alinfo, el repositorio virtual del Departamento de Ingeniería de Alimentos. Esta actualización incluye una aplicación web mejorada y una nueva aplicación para dispositivos Android. Ambas herramientas están diseñadas para facilitar el acceso a recursos y materiales educativos, mejorando así la experiencia de aprendizaje y la gestión de información para estudiantes y profesionales del sector.", "user": 1, "date": "2024-05-13T03:51:10.046Z", "image": "/blog_picture/noticia.jpg"}}, {"model": "blogs.blog", "pk": 2, "fields": {"title": "Ingeniería de procesos en la fabricación de alimentos: Optimización energética y reducción del impacto ambiental", "body": "El sector alimentario, pilar fundamental de la economía global, se encuentra en un momento crucial. Esto se debe a la creciente demanda de alimentos, sumada a la necesidad de proteger el medio ambiente. Lo anterior hace que sea necesario un replanteamiento de las estrategias de producción alimentaria.\r\n\r\n\r\n\r\nPara ello, la ingeniería de procesos de producción emerge como la aliada clave con el objetivo de alcanzar un futuro sostenible en la industria alimentaria.", "user": 2, "date": "2024-07-22T12:47:09.234Z", "image": "blog_picture/dietas-impacto-ambiental.webp"}}, {"model": "blogs.blog", "pk": 3, "fields": {"title": "Celebración del Día del Trabajador de la Industria Alimentaria", "body": "Hoy celebramos con gran entusiasmo el Día del Trabajador de la Industria Alimentaria. Este día es una oportunidad para reconocer y agradecer el esfuerzo incansable de todos aquellos que, con su dedicación y compromiso, aseguran que los alimentos lleguen a nuestras mesas. Desde los agricultores y productores hasta los técnicos y operarios, cada uno de ustedes juega un papel fundamental en la cadena de producción alimentaria.", "user": 3, "date": "2024-01-25T12:44:45.687Z", "image": "blog_picture/industria_alimentaria.jpg"}}, {"model": "blogs.blog", "pk": 4, "fields": {"title": "Innovador queso de leche de camella llega al mercado cubano", "body": "En un emocionante desarrollo para el mercado alimentario cubano, un nuevo y exótico producto está a punto de hacer su debut: queso elaborado con leche de camella. Este queso, importado desde Qatar, llega a Cuba como una generosa donación de nuestros hermanos qataríes. La introducción de este producto diversificará la oferta alimentaria en la isla. Este gesto de cooperación internacional subraya los lazos de amistad y apoyo entre ambos países, y promete ser un deleite para los amantes del queso.", "user": 4, "date": "2024-07-15T15:11:02.037Z", "image": "blog_picture/queso.jpeg"}}, {"model": "blogs.comment", "pk": 12, "fields": {"blog": 2, "user": 1, "text": "El texto destaca la importancia de la ingeniería de procesos en la industria alimentaria para enfrentar los desafíos actuales. La creciente demanda de alimentos y la necesidad de proteger el medio ambiente requieren nuevas estrategias de producción. La optimización energética y la reducción del impacto ambiental son esenciales para un futuro sostenible. La ingeniería de procesos se presenta como una solución clave para lograr estos objetivos.", "date": "2024-08-19T21:49:55.278Z"}}, {"model": "blogs.comment", "pk": 13, "fields": {"blog": 4, "user": 3, "text": "El texto anuncia la llegada de un nuevo producto al mercado cubano: queso elaborado con leche de camella, importado desde Qatar como una donación. Este producto innovador podría diversificar la oferta alimentaria en Cuba y ofrecer nuevas experiencias culinarias a los consumidores. Además, refleja la cooperación internacional y el apoyo entre países.", "date": "2024-08-19T21:51:01.335Z"}}, {"model": "blogs.comment", "pk": 14, "fields": {"blog": 3, "user": 2, "text": "El texto es un hermoso reconocimiento a los trabajadores de la industria alimentaria. Destaca la importancia de su labor y su dedicación para asegurar que los alimentos lleguen a nuestras mesas. Es un mensaje de gratitud y celebración que resalta el papel fundamental de cada trabajador en la cadena de producción alimentaria. ¡Una felicitación bien merecida para todos ellos!", "date": "2024-08-19T21:56:15.807Z"}}, {"model": "blogs.comment", "pk": 15, "fields": {"blog": 1, "user": 2, "text": "El texto es una excelente noticia para los estudiantes y profesionales del sector de Ingeniería de Alimentos. La nueva versión de Alinfo, con su aplicación web mejorada y la nueva aplicación Android, promete facilitar el acceso a recursos educativos y mejorar la gestión de información. Es un avance significativo que seguramente beneficiará a muchos. ¡Una actualización emocionante y muy esperada!", "date": "2024-08-19T21:57:43.031Z"}}, {"model": "blogs.comment", "pk": 16, "fields": {"blog": 1, "user": 4, "text": "La noticia sobre la nueva versión de Alinfo es muy prometedora. La incorporación de una aplicación web mejorada y una nueva aplicación Android demuestra un compromiso con la innovación y la accesibilidad. Estas herramientas facilitarán el acceso a información crucial y recursos educativos, beneficiando enormemente a la comunidad académica y profesional del sector de Ingeniería de Alimentos. ¡Un avance tecnológico que sin duda será muy bien recibido!", "date": "2024-08-19T21:59:53.086Z"}}, {"model": "users.user", "pk": 1, "fields": {"password": "pbkdf2_sha256$870000$sjSRZ8OUcltCjp2HtHqtBL$2Q2n1LPI9coRDA+8Lc4M/uVOlkHNtcl9ImZ9s7zRwKY=", "last_login": "2024-08-23T00:19:50.562Z", "is_superuser": true, "user_name": "tigri", "email": "sean.meissimilly@nauta.cu", "start_date": "2023-09-01T18:21:37Z", "bio": "Yo soy un estudiante de Ingeniería Informática de 6to año", "image": "profile_picture/David_perfil_7TYynv7.jpg", "is_staff": true, "is_active": true, "role": "admin", "groups": [], "user_permissions": []}}, {"model": "users.user", "pk": 2, "fields": {"password": "pbkdf2_sha256$720000$hA9O9gOGmSqxM6BJwDGV6m$fw2gIBBXLiFfczA1lxRnnIVgpXo6MvKhBvirnri347o=", "last_login": "2024-08-19T21:56:04.889Z", "is_superuser": false, "user_name": "dianne95", "email": "dianne95@nauta.cu", "start_date": "2024-06-10T18:53:17Z", "bio": "Yo soy licenciada en Geografía", "image": "profile_picture/Dianne_perfil.jpg", "is_staff": false, "is_active": true, "role": "editor", "groups": [], "user_permissions": []}}, {"model": "users.user", "pk": 3, "fields": {"password": "pbkdf2_sha256$870000$WVfon7y4DzpR4iR2R4v6ZX$ceErlgejBubTZo1TFQvQugNDbP2n/V0DBzlGRxzfJ38=", "last_login": "2024-08-21T18:39:50.832Z", "is_superuser": true, "user_name": "javiercm", "email": "javiercm@aster.cu", "start_date": "2024-03-19T18:52:49Z", "bio": "Yo soy un estudiante de 6to año de Ingeniería Informática.", "image": "profile_picture/Javier_perfil.jpg", "is_staff": true, "is_active": true, "role": "admin", "groups": [], "user_permissions": []}}, {"model": "users.user", "pk": 4, "fields": {"password": "pbkdf2_sha256$720000$bVWIG89W6VPh0eieIG9VpV$ytin0TKiBIXgIULYi+T0+7wgUpyJeSnMkYFtJUVsUyA=", "last_login": "2024-08-19T23:53:33.225Z", "is_superuser": false, "user_name": "mroll", "email": "mroll@ceis.cujae.edu.cu", "start_date": "2024-07-22T18:52:04Z", "bio": "Profesora Titular. Doctora en Ciencias. Tutora de David", "image": "profile_picture/Miriam_perfil_a7l9vwV.jpeg", "is_staff": false, "is_active": true, "role": "editor", "groups": [], "user_permissions": []}}, {"model": "users.user", "pk": 5, "fields": {"password": "pbkdf2_sha256$870000$wSmpIOUxYIawKuubTUPwHl$Y6BUcBfIcxqWY2TEkUEtHFfPChWzBDxK5hzsW6e69VI=", "last_login": "2024-08-21T22:50:38.695Z", "is_superuser": false, "user_name": "prueba1", "email": "prueba1@cuba.com", "start_date": "2024-08-19T22:01:56.398Z", "bio": "", "image": "/profile_picture/Isotipo.png", "is_staff": false, "is_active": true, "role": "reader", "groups": [], "user_permissions": []}}, {"model": "applications.applicationclassification", "pk": 1, "fields": {"description": "Matemática"}}, {"model": "applications.applicationclassification", "pk": 2, "fields": {"description": "Física"}}, {"model": "applications.applicationclassification", "pk": 3, "fields": {"description": "Química"}}, {"model": "applications.applicationclassification", "pk": 4, "fields": {"description": "Otros"}}, {"model": "applications.application", "pk": 1, "fields": {"title": "Periodic", "version": "", "description": "Tabla Periódica", "user": 1, "date": "2024-07-19T22:21:25.155Z", "data": "applicationszip/5.exe", "applicationclassification": 3}}, {"model": "applications.application", "pk": 2, "fields": {"title": "Convertor de unidades para ingenieros", "version": "", "description": "Uconeer, excelente convertor de unidades para ingenieros.", "user": 3, "date": "2024-07-19T22:18:53.509Z", "data": "applicationszip/Uconeer.exe", "applicationclassification": 2}}, {"model": "applications.application", "pk": 3, "fields": {"title": "SteamTab (Tablas de vapor)", "version": "", "description": "Software para la determinación de las propiedades del vapor de agua en diferentes estados fisicotécnicos.", "user": 2, "date": "2024-07-19T22:22:27.715Z", "data": "applicationszip/SteamTab_Tablas_de_vapor.exe", "applicationclassification": 2}}, {"model": "applications.application", "pk": 4, "fields": {"title": "Derive 6.1 Portable", "version": "", "description": "Solución de derivadas, integrales, simplificación de ecuaciones, etc.", "user": 4, "date": "2024-07-19T22:20:16.322Z", "data": "applicationszip/Derive_6.1_Portable.exe", "applicationclassification": 1}}, {"model": "applications.application", "pk": 5, "fields": {"title": "winrar-x64", "version": "", "description": "Herramienta para descomprimir archivos", "user": 1, "date": "2024-08-12T00:23:14.472Z", "data": "applicationszip/winrar-x64-701_Wg7BfDO.exe", "applicationclassification": 4}}, {"model": "applications.application", "pk": 6, "fields": {"title": "Psicrométrico", "version": "", "description": "Software Carta Psicrométrica.", "user": 1, "date": "2024-08-19T19:01:11.317Z", "data": "applicationszip/14.exe", "applicationclassification": 4}}, {"model": "documents.documentclassification", "pk": 1, "fields": {"description": "Bebidas y Licores"}}, {"model": "documents.documentclassification", "pk": 2, "fields": {"description": "Carne, Pescado y Productos Derivados"}}, {"model": "documents.documentclassification", "pk": 3, "fields": {"description": "Extracción, Aromas y Microencapsulados"}}, {"model": "documents.documentclassification", "pk": 4, "fields": {"description": "Frutas, Vegetales y Cereales"}}, {"model": "documents.documentclassification", "pk": 5, "fields": {"description": "Leche y Productos Lácteos"}}, {"model": "documents.documentclassification", "pk": 6, "fields": {"description": "Otros"}}, {"model": "documents.documenttypes", "pk": 1, "fields": {"description": "Artículos"}}, {"model": "documents.documenttypes", "pk": 2, "fields": {"description": "Tesis de Grado"}}, {"model": "documents.documenttypes", "pk": 3, "fields": {"description": "Maestrías"}}, {"model": "documents.documenttypes", "pk": 4, "fields": {"description": "Doctorados"}}, {"model": "documents.document", "pk": 1, "fields": {"title": "Estimación de las propiedades de transporte", "author": "José Gandón Hernández", "data": "documents/Documento_zy30I8f.pdf", "description": "Para el ingeniero químico resulta imprescindible estimar las propiedades de transporte, entiéndase la viscosidad, la conductividad térmica y la difusividad de mezclas, de la forma más precisa posible...", "user": 4, "date": "2024-07-19T22:10:26.660Z", "documentclassification": 6, "documenttypes": 1}}, {"model": "documents.document", "pk": 2, "fields": {"title": "Evaluación de la operación de Pasteurización de la línea de embotellado en la Empresa Cervecera “Guido Pérez Valdés”", "author": "Yoani Urquiza Rodríguez", "data": "documents/44.pdf", "description": "En este trabajo se lleva a cabo un estudio de las causas que están incidiendo en las continuas y cuantiosas devoluciones que se producen en la fábrica de cerveza “Guido Pérez Valdés”; el estudio a fondo será dedicado al proceso de pasteurización de la cerveza, sin dejar de tratar el proceso completo de elaboración del producto.", "user": 3, "date": "2024-07-19T22:09:16.376Z", "documentclassification": 1, "documenttypes": 2}}, {"model": "documents.document", "pk": 3, "fields": {"title": "Microencapsulación de aceite esencial de mandarina mediante secado por atomización", "author": "Madai Bringas Lantigua", "data": "documents/Documento_4c0wviM.pdf", "description": "En el análisis de las potencialidades de la industria alimentaria cubana se ha descartado la falta de nuevas alternativas en la variedad de aromas, por lo cual se pretende promover una nueva posibilidad, esta consiste en producir aceite esencial microencapsulado mediante secado por atomización. Por lo tanto la presente tesis tuvo como objetivo general evaluar la factibilidad técnico-económica de la producción en el país de aceite esencial de mandarina microencapsulado.", "user": 3, "date": "2024-07-19T22:07:44.430Z", "documentclassification": 3, "documenttypes": 2}}, {"model": "documents.document", "pk": 4, "fields": {"title": "Estudio de la cinética de secado por aire caliente de desechos de la industria procesadora de tomate", "author": "Raiza Abreu Leyva", "data": "documents/Documento_0j0bMFr.pdf", "description": "Los carotenoides son importantes fitoquímicos que se consideran responsables de efectos protectores de la salud de las frutas y verduras. Constituyen un grupo de cerca de 600 pigmentos liposolubles responsables de los colores amarillos, naranjas y rojos de las frutas y vegetales. En los últimos años los carotenoides han estado sujetos a un creciente interés debido a sus potenciales efectos sobre la salud humana.", "user": 3, "date": "2024-07-19T21:48:40.714Z", "documentclassification": 4, "documenttypes": 2}}, {"model": "documents.document", "pk": 5, "fields": {"title": "Pérdidas de peso y calidad en carnes y productos cárnicos durante el almacenamiento refrigerado y congelado", "author": "B. Beatriz Acosta Pérez", "data": "documents/95.pdf", "description": "La presente investigación tiene como objetivo determinar las pérdidas de peso y calidad real de bandas de cerdo, res y jamón visking durante su almacenamiento en frío.", "user": 2, "date": "2024-07-19T21:33:13.736Z", "documentclassification": 2, "documenttypes": 3}}, {"model": "documents.document", "pk": 6, "fields": {"title": "Evaluación Del Empleo De Un Nuevo Homogenizador En La Fabricación De Helado Coppelia De Chocolate", "author": "Yanet Sariego Toledo, Eduardo García Noa", "data": "documents/Documento_GXwHmyd.pdf", "description": "En este trabajo se realiza la evaluación de la operación de homogenización, mediante el análisis de los parámetros de calidad físico-químicos y sensoriales...", "user": 1, "date": "2024-07-19T21:14:28.790Z", "documentclassification": 5, "documenttypes": 1}}, {"model": "documents.document", "pk": 7, "fields": {"title": "La Simulación de un Tren de Molinos, unas Experiencia Práctica", "author": "Guido Riera González", "data": "documents/97.pdf", "description": "...", "user": 2, "date": "2024-07-19T21:27:24.876Z", "documentclassification": 6, "documenttypes": 4}}, {"model": "documents.document", "pk": 8, "fields": {"title": "Tecnología de carne", "author": "Ofelia Méndez Bustabad", "data": "documents/9.pdf", "description": "Nuevas Tecnologías en la Industria de la Carne, Industria Cárnica cubana, año 2000, Tendencias en la Industria de la Carne, Estructura de la Carne, Tejido muscular. Estructura macroscópica y microscópicas...", "user": 1, "date": "2024-08-11T18:37:56.775Z", "documentclassification": 2, "documenttypes": 1}}, {"model": "documents.document", "pk": 9, "fields": {"title": "Cinética de Secado por Aire Caliente de Papa. Influencia de las Condiciones de Almacenamiento", "author": "Anabel Frías Chirino", "data": "documents/92.pdf", "description": "Actualmente, más del 50 % de las papas producidas a nivel mundial son consumidas como productos elaborados (congeladas, chips, deshidratadas). La expansión de la industria de alimentos rápidos a nivel mundial muestra el potencial de los productos de papa...", "user": 2, "date": "2024-07-19T21:26:10.447Z", "documentclassification": 4, "documenttypes": 4}}, {"model": "documents.document", "pk": 10, "fields": {"title": "Análisis de Procesos en Tecnologías Lácteas", "author": "Eduardo J. García Noa, Julio A. Díaz Abreu, Marítza Gutiérrez Duque", "data": "documents/Documento.pdf", "description": "El incremento de la eficiencia económica en los procesos industriales es una tarea de primordial importancia, ya que es la vía mediante la cual pueden lograrse reducciones significativas en los costos de producción, sin que se requiera un proceso inversionista de grandes proporciones...", "user": 1, "date": "2024-07-19T21:13:13.282Z", "documentclassification": 5, "documenttypes": 1}}, {"model": "documents.document", "pk": 11, "fields": {"title": "Desarrollo de una tecnología para producir licor de limón", "author": "Arlyn Reyes Linares", "data": "documents/Documento_IA1BZQz.pdf", "description": "El Centro de Referencia de Alcoholes y Bebidas del ICIDCA tiene entre sus objetivos, desarrollar y perfeccionar mediante la I+D tecnologías de producción de bebidas destiladas y la obtención de nuevos productos para ser transferidos a las fábricas del MINAZ.", "user": 4, "date": "2024-07-19T22:13:07.898Z", "documentclassification": 1, "documenttypes": 3}}, {"model": "documents.document", "pk": 12, "fields": {"title": "Estudio de la operación de extracción del colorante de bija", "author": "Yisser García Vigoa", "data": "documents/Documento_Y2dpDAE.pdf", "description": "El presente trabajo tiene como objetivo definir a escala de laboratorio las condiciones operacionales más convenientes para la extracción del colorante de bija empleando una...", "user": 4, "date": "2024-07-19T22:11:29.612Z", "documentclassification": 3, "documenttypes": 3}}, {"model": "documents.document", "pk": 13, "fields": {"title": "Evaluación tecnológica e higiénico-sanitaria del procesamiento del pollo congelado de importación en el Centro de Elaboración de Boyeros y Camaguey", "author": "Surie Dorta Ortega", "data": "documents/Documento_zug6VvN.pdf", "description": "Uno de los productos alimenticios que más se importa en Cuba es el pollo, con el cual el estado suple en parte las necesidades proteicas de la población y tiene una gran demanda entre nuestros consumidores.", "user": 4, "date": "2024-07-19T22:15:26.859Z", "documentclassification": 2, "documenttypes": 3}}, {"model": "documents.document", "pk": 14, "fields": {"title": "Optimización del proceso de fabricación de helado", "author": "Gisela Aguirre Borrero", "data": "documents/Optimización_del_proceso_de_fabricación_de_helado.pdf", "description": "El presente trabajo se desarrolló en la Planta de Helados del Complejo Lácteo de la Habana. Actualmente en esta planta existe un uso no racional de las materias primas y en aras de disminuir este indicador perjudicial para la economía se procederá a utilizar un método de optimización que me permita disminuir al máximo el consumo de las materias primas empleadas en este proceso manteniendo la calidad.", "user": 1, "date": "2024-07-19T21:24:26.569Z", "documentclassification": 5, "documenttypes": 2}}, {"model": "documents.document", "pk": 15, "fields": {"title": "Aplicación del diseño por la calidad en la obtención de la leche de soya", "author": "Yubileiny Hernández Blanco", "data": "documents/Aplicacion_del_diseno_por_la_calidad_en_la_obtencion_de_la_leche_de_soya_l6sGBop.pdf", "description": "Este trabajo se realizó en la planta de soya del Complejo Lácteo de la Habana, centro en el cual se produce el 80 % del yogur de soya que se consume en...", "user": 1, "date": "2024-08-19T18:54:32.447Z", "documentclassification": 5, "documenttypes": 2}}, {"model": "documents.document", "pk": 16, "fields": {"title": "Propuesta de una Metodología para la implantación del Sistema de la Calidad en el Laboratorio de Microbiología del Departamento Fundamentos Químicos y Biológicos", "author": "Vicenta Pita Bravo", "data": "documents/Metodología_para_la_implantación_del_Sistema_de_la_Calidad_en_el_Laboratorio.pdf", "description": "En el terreno internacional se trabaja desde hace algunos años y de manera reciente en nuestro país en la implantación de las normas ISO 9000 para la certificación de sistemas de la calidad en general y en particular primeramente con la NC, ISO/IEC guía 25:92 y en la actualidad con la NC, ISO/IEC 17025:00 para la evaluación de la competencia técnica de los laboratorios de ensayo y calibración.", "user": 1, "date": "2024-08-19T18:58:53.984Z", "documentclassification": 6, "documenttypes": 3}}, {"model": "multimedia.multimediaclassification", "pk": 1, "fields": {"description": "Bebidas y Licores"}}, {"model": "multimedia.multimediaclassification", "pk": 2, "fields": {"description": "Carne, Pescado  y Productos Derivados"}}, {"model": "multimedia.multimediaclassification", "pk": 3, "fields": {"description": "Extracción, Aromas y Microencapsulados"}}, {"model": "multimedia.multimediaclassification", "pk": 4, "fields": {"description": "Frutas, Vegetales y Cereales"}}, {"model": "multimedia.multimediaclassification", "pk": 5, "fields": {"description": "Leche y Productos Lácteos"}}, {"model": "multimedia.multimediaclassification", "pk": 6, "fields": {"description": "Otros"}}, {"model": "multimedia.multimedia", "pk": 1, "fields": {"title": "Cómo Se Hace La Cerveza Proceso En Fábrica", "data": "multimedia/Cómo_Se_Hace_La_Cerveza_Proceso_En_Fábrica.mp4", "description": "La fabricación de cerveza en una fábrica comienza con el malteado de la cebada, donde los granos se remojan y se secan para convertir los almidones en azúcares fermentables.", "user": 1, "date": "2024-08-11T18:27:46.646Z", "multimediaclassification": 1}}, {"model": "multimedia.multimedia", "pk": 2, "fields": {"title": "Alimentos: El secreto más importante es expuesto", "data": "multimedia/Alimentos__El_secreto_más_grande_es_expuesto.mp4", "description": "Sospechas acerca de la peligrosidad de algunos alimentos y aditivos.", "user": 1, "date": "2024-08-11T18:28:16.931Z", "multimediaclassification": 6}}, {"model": "multimedia.multimedia", "pk": 3, "fields": {"title": "El experimento de la BBC sobre los efectos de los alimentos ultraprocesados", "data": "multimedia/El_experimento_de_la_BBC_sobre_los_efectos_de_los_alimentos_ultraprocesados.mp4", "description": "Da un poco de miedo ver esos resultados después de sólo dos semanas\". Aimee, de 24 años, ha pasado dos semanas siguiendo una dieta de alimentos ultraprocesados como parte de un estudio realizado por científicos del King's College de Londres para el programa Panorama de la BBC.\r\n\r\nNancy, su hermana gemela, siguió una dieta que contenía exactamente la misma cantidad de calorías, nutrientes, grasas, azúcar y fibra. Pero en su caso, ingiriendo solo alimentos frescos o poco procesados.", "user": 1, "date": "2024-08-13T23:37:25.366Z", "multimediaclassification": 6}}, {"model": "suggestions.suggestion", "pk": 2, "fields": {"title": "Felicidades 🎊", "body": "Muy buena la nueva aplicación de Alinfo", "user": 2, "date": "2024-08-19T19:02:21.954Z", "resolved": true}}, {"model": "token_blacklist.outstandingtoken", "pk": 1, "fields": {"user": 1, "jti": "6efb0c2a02304792a3a03078c8bb6679", "token": "eyJhbGciOiJIUzI1NiIsInR5cCI6IkpXVCJ9.eyJ0b2tlbl90eXBlIjoicmVmcmVzaCIsImV4cCI6MTcyNDE3OTkzMSwiaWF0IjoxNzI0MDkzNTMxLCJqdGkiOiI2ZWZiMGMyYTAyMzA0NzkyYTNhMDMwNzhjOGJiNjY3OSIsInVzZXJfaWQiOjF9.2OJkbnI40u-2EDuodXUNwyebKlyf-03vVPISIcn1QYw", "created_at": "2024-08-19T18:52:11.803Z", "expires_at": "2024-08-20T18:52:11Z"}}, {"model": "token_blacklist.outstandingtoken", "pk": 2, "fields": {"user": 1, "jti": "6dc7aade4c2d42719fd6ecac59c1dbb0", "token": "eyJhbGciOiJIUzI1NiIsInR5cCI6IkpXVCJ9.eyJ0b2tlbl90eXBlIjoicmVmcmVzaCIsImV4cCI6MTcyNDE3OTkzMSwiaWF0IjoxNzI0MDkzNTMxLCJqdGkiOiI2ZGM3YWFkZTRjMmQ0MjcxOWZkNmVjYWM1OWMxZGJiMCIsInVzZXJfaWQiOjF9.-Rmp_YUz3FPt_ZHHUMqhCIg0PYV6mWj-O8G5IbNt9sg", "created_at": "2024-08-19T18:52:11.803Z", "expires_at": "2024-08-20T18:52:11Z"}}, {"model": "token_blacklist.outstandingtoken", "pk": 3, "fields": {"user": 2, "jti": "dad44f663fb7418db3feabeb263941dd", "token": "eyJhbGciOiJIUzI1NiIsInR5cCI6IkpXVCJ9.eyJ0b2tlbl90eXBlIjoicmVmcmVzaCIsImV4cCI6MTcyNDE4MDQ5MywiaWF0IjoxNzI0MDk0MDkzLCJqdGkiOiJkYWQ0NGY2NjNmYjc0MThkYjNmZWFiZWIyNjM5NDFkZCIsInVzZXJfaWQiOjJ9.f-rwkxBcg-jKS-ol8eqGQEtSb0BTbz9p-T2CqvUXuG4", "created_at": "2024-08-19T19:01:33.288Z", "expires_at": "2024-08-20T19:01:33Z"}}, {"model": "token_blacklist.outstandingtoken", "pk": 4, "fields": {"user": 2, "jti": "5b3d522bf3e249e1be1b632280765190", "token": "eyJhbGciOiJIUzI1NiIsInR5cCI6IkpXVCJ9.eyJ0b2tlbl90eXBlIjoicmVmcmVzaCIsImV4cCI6MTcyNDE4MDQ5MywiaWF0IjoxNzI0MDk0MDkzLCJqdGkiOiI1YjNkNTIyYmYzZTI0OWUxYmUxYjYzMjI4MDc2NTE5MCIsInVzZXJfaWQiOjJ9.1V_L57oJnlX0Pjj5a4oCs1z2SfZMujbEF6tghbKVaf8", "created_at": "2024-08-19T19:01:33.332Z", "expires_at": "2024-08-20T19:01:33Z"}}, {"model": "token_blacklist.outstandingtoken", "pk": 5, "fields": {"user": 3, "jti": "4429c267792a4b6b89fce8ed849fb026", "token": "eyJhbGciOiJIUzI1NiIsInR5cCI6IkpXVCJ9.eyJ0b2tlbl90eXBlIjoicmVmcmVzaCIsImV4cCI6MTcyNDE4MDcwMywiaWF0IjoxNzI0MDk0MzAzLCJqdGkiOiI0NDI5YzI2Nzc5MmE0YjZiODlmY2U4ZWQ4NDlmYjAyNiIsInVzZXJfaWQiOjN9.x5LuLbFwOjVkjfPIdZpDLF91jpBy1nw5mfLmB_tZyG8", "created_at": "2024-08-19T19:05:03.976Z", "expires_at": "2024-08-20T19:05:03Z"}}, {"model": "token_blacklist.outstandingtoken", "pk": 6, "fields": {"user": 3, "jti": "6b39313e5d5444e7be49250d36cea3f9", "token": "eyJhbGciOiJIUzI1NiIsInR5cCI6IkpXVCJ9.eyJ0b2tlbl90eXBlIjoicmVmcmVzaCIsImV4cCI6MTcyNDE4MDcwNCwiaWF0IjoxNzI0MDk0MzA0LCJqdGkiOiI2YjM5MzEzZTVkNTQ0NGU3YmU0OTI1MGQzNmNlYTNmOSIsInVzZXJfaWQiOjN9.SbZzf0J32dGXF5o6hpKsHp6nZcTuT1rXqKr5KEuPwZA", "created_at": "2024-08-19T19:05:04.016Z", "expires_at": "2024-08-20T19:05:04Z"}}, {"model": "token_blacklist.outstandingtoken", "pk": 7, "fields": {"user": 1, "jti": "4fe76635a7bb4cba9d3583d7d4f3f677", "token": "eyJhbGciOiJIUzI1NiIsInR5cCI6IkpXVCJ9.eyJ0b2tlbl90eXBlIjoicmVmcmVzaCIsImV4cCI6MTcyNDE4MTk3OCwiaWF0IjoxNzI0MDk1NTc4LCJqdGkiOiI0ZmU3NjYzNWE3YmI0Y2JhOWQzNTgzZDdkNGYzZjY3NyIsInVzZXJfaWQiOjF9.i2dJLcUGNHsQ7gacZ-CUxcbwtLSpB2i05t0ON1SnJ68", "created_at": "2024-08-19T19:26:18.043Z", "expires_at": "2024-08-20T19:26:18Z"}}, {"model": "token_blacklist.outstandingtoken", "pk": 8, "fields": {"user": 1, "jti": "5e01a209996544d588d7115ccaffd3b3", "token": "eyJhbGciOiJIUzI1NiIsInR5cCI6IkpXVCJ9.eyJ0b2tlbl90eXBlIjoicmVmcmVzaCIsImV4cCI6MTcyNDE4MTk3OCwiaWF0IjoxNzI0MDk1NTc4LCJqdGkiOiI1ZTAxYTIwOTk5NjU0NGQ1ODhkNzExNWNjYWZmZDNiMyIsInVzZXJfaWQiOjF9.tO4gGJG9t4eIjuHywbfr9BLHivS5TFXd5qFvk7GahXE", "created_at": "2024-08-19T19:26:18.078Z", "expires_at": "2024-08-20T19:26:18Z"}}, {"model": "token_blacklist.outstandingtoken", "pk": 9, "fields": {"user": 3, "jti": "96ebfbc3eb00477aad88791935d3c98e", "token": "eyJhbGciOiJIUzI1NiIsInR5cCI6IkpXVCJ9.eyJ0b2tlbl90eXBlIjoicmVmcmVzaCIsImV4cCI6MTcyNDE4MjQ4OCwiaWF0IjoxNzI0MDk2MDg4LCJqdGkiOiI5NmViZmJjM2ViMDA0NzdhYWQ4ODc5MTkzNWQzYzk4ZSIsInVzZXJfaWQiOjN9.VVd1vhecWL2K0RRoBvg55-fpAK1UsfO2sH_oPjmrFhI", "created_at": "2024-08-19T19:34:48.969Z", "expires_at": "2024-08-20T19:34:48Z"}}, {"model": "token_blacklist.outstandingtoken", "pk": 10, "fields": {"user": 3, "jti": "e835ccd2e9a447c0b3a1228d1488c7c8", "token": "eyJhbGciOiJIUzI1NiIsInR5cCI6IkpXVCJ9.eyJ0b2tlbl90eXBlIjoicmVmcmVzaCIsImV4cCI6MTcyNDE4MjQ4OCwiaWF0IjoxNzI0MDk2MDg4LCJqdGkiOiJlODM1Y2NkMmU5YTQ0N2MwYjNhMTIyOGQxNDg4YzdjOCIsInVzZXJfaWQiOjN9.0FLZQu_eHdVUrxraZC9VOPboUcFPA85YkeuhVJqyZWI", "created_at": "2024-08-19T19:34:48.998Z", "expires_at": "2024-08-20T19:34:48Z"}}, {"model": "token_blacklist.outstandingtoken", "pk": 11, "fields": {"user": 3, "jti": "354dd56447924ddb837082e91c38ee1b", "token": "eyJhbGciOiJIUzI1NiIsInR5cCI6IkpXVCJ9.eyJ0b2tlbl90eXBlIjoicmVmcmVzaCIsImV4cCI6MTcyNDE4Njk2NSwiaWF0IjoxNzI0MTAwNTY1LCJqdGkiOiIzNTRkZDU2NDQ3OTI0ZGRiODM3MDgyZTkxYzM4ZWUxYiIsInVzZXJfaWQiOjN9.dovva5YTaXHbH_Wky8F717QGiFh728xcqyeHnAVQRpg", "created_at": "2024-08-19T20:49:25.958Z", "expires_at": "2024-08-20T20:49:25Z"}}, {"model": "token_blacklist.outstandingtoken", "pk": 12, "fields": {"user": 3, "jti": "5ac079c6f64247e09d2d037a4fefe338", "token": "eyJhbGciOiJIUzI1NiIsInR5cCI6IkpXVCJ9.eyJ0b2tlbl90eXBlIjoicmVmcmVzaCIsImV4cCI6MTcyNDE4Njk2NiwiaWF0IjoxNzI0MTAwNTY2LCJqdGkiOiI1YWMwNzljNmY2NDI0N2UwOWQyZDAzN2E0ZmVmZTMzOCIsInVzZXJfaWQiOjN9.17gTCf6Lbx6ZPURBeq85E1GY--Cgjlmaw5DZF2nwagU", "created_at": "2024-08-19T20:49:26Z", "expires_at": "2024-08-20T20:49:26Z"}}, {"model": "token_blacklist.outstandingtoken", "pk": 13, "fields": {"user": 1, "jti": "8c4c651cabfd4d90bf27db5bd5d21196", "token": "eyJhbGciOiJIUzI1NiIsInR5cCI6IkpXVCJ9.eyJ0b2tlbl90eXBlIjoicmVmcmVzaCIsImV4cCI6MTcyNDE4ODUyNywiaWF0IjoxNzI0MTAyMTI3LCJqdGkiOiI4YzRjNjUxY2FiZmQ0ZDkwYmYyN2RiNWJkNWQyMTE5NiIsInVzZXJfaWQiOjF9.DDoK6MDogMbO1LCVZ1yglUE3d1GYLapbLvndo0URKS4", "created_at": "2024-08-19T21:15:27.672Z", "expires_at": "2024-08-20T21:15:27Z"}}, {"model": "token_blacklist.outstandingtoken", "pk": 14, "fields": {"user": 1, "jti": "76149e5ef525486ca78d5b1cdeb5eba1", "token": "eyJhbGciOiJIUzI1NiIsInR5cCI6IkpXVCJ9.eyJ0b2tlbl90eXBlIjoicmVmcmVzaCIsImV4cCI6MTcyNDE4ODUyNywiaWF0IjoxNzI0MTAyMTI3LCJqdGkiOiI3NjE0OWU1ZWY1MjU0ODZjYTc4ZDViMWNkZWI1ZWJhMSIsInVzZXJfaWQiOjF9.Fnl2Vg46dLv-jLY-RsfccNmiKhUdIlc8dV2WsD27bxE", "created_at": "2024-08-19T21:15:27.689Z", "expires_at": "2024-08-20T21:15:27Z"}}, {"model": "token_blacklist.outstandingtoken", "pk": 15, "fields": {"user": 3, "jti": "b87042a7f89b4304b0197ea1ee0214b5", "token": "eyJhbGciOiJIUzI1NiIsInR5cCI6IkpXVCJ9.eyJ0b2tlbl90eXBlIjoicmVmcmVzaCIsImV4cCI6MTcyNDE5MDYxOCwiaWF0IjoxNzI0MTA0MjE4LCJqdGkiOiJiODcwNDJhN2Y4OWI0MzA0YjAxOTdlYTFlZTAyMTRiNSIsInVzZXJfaWQiOjN9.6DBRVIqeB6oHzzzMKguHajSf70hprG5jGvC_Yq2EsnE", "created_at": "2024-08-19T21:50:18.858Z", "expires_at": "2024-08-20T21:50:18Z"}}, {"model": "token_blacklist.outstandingtoken", "pk": 16, "fields": {"user": 3, "jti": "c4430bdbc6b744a493f2fea636cc2e11", "token": "eyJhbGciOiJIUzI1NiIsInR5cCI6IkpXVCJ9.eyJ0b2tlbl90eXBlIjoicmVmcmVzaCIsImV4cCI6MTcyNDE5MDYxOCwiaWF0IjoxNzI0MTA0MjE4LCJqdGkiOiJjNDQzMGJkYmM2Yjc0NGE0OTNmMmZlYTYzNmNjMmUxMSIsInVzZXJfaWQiOjN9.X1mWZF5j-odvfDjXjeaHf-UeEvbr5R-DLkUtBYMSPf4", "created_at": "2024-08-19T21:50:18.869Z", "expires_at": "2024-08-20T21:50:18Z"}}, {"model": "token_blacklist.outstandingtoken", "pk": 17, "fields": {"user": 2, "jti": "01e263e8388c44e299dd8a7fe0760a4a", "token": "eyJhbGciOiJIUzI1NiIsInR5cCI6IkpXVCJ9.eyJ0b2tlbl90eXBlIjoicmVmcmVzaCIsImV4cCI6MTcyNDE5MDk2NCwiaWF0IjoxNzI0MTA0NTY0LCJqdGkiOiIwMWUyNjNlODM4OGM0NGUyOTlkZDhhN2ZlMDc2MGE0YSIsInVzZXJfaWQiOjJ9.GQyQKPpyzZNNozUkIr4oNcZmwNIB9YbP_-HqQoGV3Os", "created_at": "2024-08-19T21:56:04.880Z", "expires_at": "2024-08-20T21:56:04Z"}}, {"model": "token_blacklist.outstandingtoken", "pk": 18, "fields": {"user": 2, "jti": "3386065077ab4184807e2a3520a69353", "token": "eyJhbGciOiJIUzI1NiIsInR5cCI6IkpXVCJ9.eyJ0b2tlbl90eXBlIjoicmVmcmVzaCIsImV4cCI6MTcyNDE5MDk2NCwiaWF0IjoxNzI0MTA0NTY0LCJqdGkiOiIzMzg2MDY1MDc3YWI0MTg0ODA3ZTJhMzUyMGE2OTM1MyIsInVzZXJfaWQiOjJ9.9anKUnBcGDvHsdTUgff3qUvfkc5YArhsrzlgwWlpOcE", "created_at": "2024-08-19T21:56:04.891Z", "expires_at": "2024-08-20T21:56:04Z"}}, {"model": "token_blacklist.outstandingtoken", "pk": 19, "fields": {"user": 1, "jti": "e3f08e3002824e09a942edef9402e7fe", "token": "eyJhbGciOiJIUzI1NiIsInR5cCI6IkpXVCJ9.eyJ0b2tlbl90eXBlIjoicmVmcmVzaCIsImV4cCI6MTcyNDE5MTA3NSwiaWF0IjoxNzI0MTA0Njc1LCJqdGkiOiJlM2YwOGUzMDAyODI0ZTA5YTk0MmVkZWY5NDAyZTdmZSIsInVzZXJfaWQiOjF9.p3BFkt3ND77c1XQi15nANd-X2BWq5Sv43x3YK9_R8qA", "created_at": "2024-08-19T21:57:55.813Z", "expires_at": "2024-08-20T21:57:55Z"}}, {"model": "token_blacklist.outstandingtoken", "pk": 20, "fields": {"user": 1, "jti": "b6a05c6efed5426b88f75ebcf7d4a53b", "token": "eyJhbGciOiJIUzI1NiIsInR5cCI6IkpXVCJ9.eyJ0b2tlbl90eXBlIjoicmVmcmVzaCIsImV4cCI6MTcyNDE5MTA3NSwiaWF0IjoxNzI0MTA0Njc1LCJqdGkiOiJiNmEwNWM2ZWZlZDU0MjZiODhmNzVlYmNmN2Q0YTUzYiIsInVzZXJfaWQiOjF9.IfYV8nhtCyikwDTbb3BMFrWG9WGUvSmtCpcze8Akdr8", "created_at": "2024-08-19T21:57:55.823Z", "expires_at": "2024-08-20T21:57:55Z"}}, {"model": "token_blacklist.outstandingtoken", "pk": 21, "fields": {"user": 4, "jti": "148533e0b4e84aeab46e6595649ff52a", "token": "eyJhbGciOiJIUzI1NiIsInR5cCI6IkpXVCJ9.eyJ0b2tlbl90eXBlIjoicmVmcmVzaCIsImV4cCI6MTcyNDE5MTE2MCwiaWF0IjoxNzI0MTA0NzYwLCJqdGkiOiIxNDg1MzNlMGI0ZTg0YWVhYjQ2ZTY1OTU2NDlmZjUyYSIsInVzZXJfaWQiOjR9.FgxRJzPa9kXRhbbl4JSachl9XlXdWWIEPZUqmD95tqc", "created_at": "2024-08-19T21:59:20.849Z", "expires_at": "2024-08-20T21:59:20Z"}}, {"model": "token_blacklist.outstandingtoken", "pk": 22, "fields": {"user": 4, "jti": "a5ddf666f779404cbb9748e9e6192e87", "token": "eyJhbGciOiJIUzI1NiIsInR5cCI6IkpXVCJ9.eyJ0b2tlbl90eXBlIjoicmVmcmVzaCIsImV4cCI6MTcyNDE5MTE2MCwiaWF0IjoxNzI0MTA0NzYwLCJqdGkiOiJhNWRkZjY2NmY3Nzk0MDRjYmI5NzQ4ZTllNjE5MmU4NyIsInVzZXJfaWQiOjR9.oFvAZ2gN8Z23X1rSrNbvObV1grg0tLwr5n-jN58N5aw", "created_at": "2024-08-19T21:59:20.854Z", "expires_at": "2024-08-20T21:59:20Z"}}, {"model": "token_blacklist.outstandingtoken", "pk": 23, "fields": {"user": 5, "jti": "445f4d866e624d33acb8ec115291b22d", "token": "eyJhbGciOiJIUzI1NiIsInR5cCI6IkpXVCJ9.eyJ0b2tlbl90eXBlIjoicmVmcmVzaCIsImV4cCI6MTcyNDE5MTMxNiwiaWF0IjoxNzI0MTA0OTE2LCJqdGkiOiI0NDVmNGQ4NjZlNjI0ZDMzYWNiOGVjMTE1MjkxYjIyZCIsInVzZXJfaWQiOjV9.R0m05JvH5MsysGWoTJffdbn7hkbtrn__eDGvC52S1Oo", "created_at": "2024-08-19T22:01:56.401Z", "expires_at": "2024-08-20T22:01:56Z"}}, {"model": "token_blacklist.outstandingtoken", "pk": 24, "fields": {"user": 5, "jti": "199e9f975f634b86aa3bf1262fc364c7", "token": "eyJhbGciOiJIUzI1NiIsInR5cCI6IkpXVCJ9.eyJ0b2tlbl90eXBlIjoicmVmcmVzaCIsImV4cCI6MTcyNDE5MTMyNywiaWF0IjoxNzI0MTA0OTI3LCJqdGkiOiIxOTllOWY5NzVmNjM0Yjg2YWEzYmYxMjYyZmMzNjRjNyIsInVzZXJfaWQiOjV9.8C95x18Kk8r5QYK2ZJ7Th1-nyoZ5Effn2toUuZdG038", "created_at": "2024-08-19T22:02:07.589Z", "expires_at": "2024-08-20T22:02:07Z"}}, {"model": "token_blacklist.outstandingtoken", "pk": 25, "fields": {"user": 5, "jti": "be6fdecb5bc4447091da6c5b82db3144", "token": "eyJhbGciOiJIUzI1NiIsInR5cCI6IkpXVCJ9.eyJ0b2tlbl90eXBlIjoicmVmcmVzaCIsImV4cCI6MTcyNDE5MTMyNywiaWF0IjoxNzI0MTA0OTI3LCJqdGkiOiJiZTZmZGVjYjViYzQ0NDcwOTFkYTZjNWI4MmRiMzE0NCIsInVzZXJfaWQiOjV9.ytKCypJLRuXUeu3luzdDYLBFOggQzqPQlZQb-CLScyY", "created_at": "2024-08-19T22:02:07.601Z", "expires_at": "2024-08-20T22:02:07Z"}}, {"model": "token_blacklist.outstandingtoken", "pk": 26, "fields": {"user": 1, "jti": "35cf988abe074f32b678f27f577dafa2", "token": "eyJhbGciOiJIUzI1NiIsInR5cCI6IkpXVCJ9.eyJ0b2tlbl90eXBlIjoicmVmcmVzaCIsImV4cCI6MTcyNDE5MTMzNSwiaWF0IjoxNzI0MTA0OTM1LCJqdGkiOiIzNWNmOTg4YWJlMDc0ZjMyYjY3OGYyN2Y1NzdkYWZhMiIsInVzZXJfaWQiOjF9.TLGfiQTRaGv0vKjE3A1PP_Roe-YvbXy6XfuPYK-5coQ", "created_at": "2024-08-19T22:02:15.298Z", "expires_at": "2024-08-20T22:02:15Z"}}, {"model": "token_blacklist.outstandingtoken", "pk": 27, "fields": {"user": 1, "jti": "a2bf56f13f5d4120816c3117bd6febad", "token": "eyJhbGciOiJIUzI1NiIsInR5cCI6IkpXVCJ9.eyJ0b2tlbl90eXBlIjoicmVmcmVzaCIsImV4cCI6MTcyNDE5MTMzNSwiaWF0IjoxNzI0MTA0OTM1LCJqdGkiOiJhMmJmNTZmMTNmNWQ0MTIwODE2YzMxMTdiZDZmZWJhZCIsInVzZXJfaWQiOjF9.DQdljHrraceVTDgU-KC86MutkGCElKxX_QBm6ON2-SI", "created_at": "2024-08-19T22:02:15.315Z", "expires_at": "2024-08-20T22:02:15Z"}}, {"model": "token_blacklist.outstandingtoken", "pk": 28, "fields": {"user": 1, "jti": "1cb8e5ade2ca49b3a458178e66326da7", "token": "eyJhbGciOiJIUzI1NiIsInR5cCI6IkpXVCJ9.eyJ0b2tlbl90eXBlIjoicmVmcmVzaCIsImV4cCI6MTcyNDE5MjY5MSwiaWF0IjoxNzI0MTA2MjkxLCJqdGkiOiIxY2I4ZTVhZGUyY2E0OWIzYTQ1ODE3OGU2NjMyNmRhNyIsInVzZXJfaWQiOjF9.0xuSioZTT1Mjba7McryVSpMbnEQEvAWRLnrqaa8QlyA", "created_at": "2024-08-19T22:24:51.635Z", "expires_at": "2024-08-20T22:24:51Z"}}, {"model": "token_blacklist.outstandingtoken", "pk": 29, "fields": {"user": 1, "jti": "1a45a9244ec248e692f9b3f3ca88bfac", "token": "eyJhbGciOiJIUzI1NiIsInR5cCI6IkpXVCJ9.eyJ0b2tlbl90eXBlIjoicmVmcmVzaCIsImV4cCI6MTcyNDE5MjY5MSwiaWF0IjoxNzI0MTA2MjkxLCJqdGkiOiIxYTQ1YTkyNDRlYzI0OGU2OTJmOWIzZjNjYTg4YmZhYyIsInVzZXJfaWQiOjF9.QFx9pe47oswuEzCSdafDKGkzJ0sdYr96FWqTHdkV7YY", "created_at": "2024-08-19T22:24:51.641Z", "expires_at": "2024-08-20T22:24:51Z"}}, {"model": "token_blacklist.outstandingtoken", "pk": 30, "fields": {"user": 1, "jti": "bf7a1fc1630c46d7b445d8429a590ed3", "token": "eyJhbGciOiJIUzI1NiIsInR5cCI6IkpXVCJ9.eyJ0b2tlbl90eXBlIjoicmVmcmVzaCIsImV4cCI6MTcyNDE5Mjg0NiwiaWF0IjoxNzI0MTA2NDQ2LCJqdGkiOiJiZjdhMWZjMTYzMGM0NmQ3YjQ0NWQ4NDI5YTU5MGVkMyIsInVzZXJfaWQiOjF9.SuRLDoaNBTP1s1rfhvu0vIf65ngirmpwfj5pNFETSwA", "created_at": "2024-08-19T22:27:26.449Z", "expires_at": "2024-08-20T22:27:26Z"}}, {"model": "token_blacklist.outstandingtoken", "pk": 31, "fields": {"user": 1, "jti": "605a7953758f4ea0adf47cbf3e9b0b2d", "token": "eyJhbGciOiJIUzI1NiIsInR5cCI6IkpXVCJ9.eyJ0b2tlbl90eXBlIjoicmVmcmVzaCIsImV4cCI6MTcyNDE5Mjg0NiwiaWF0IjoxNzI0MTA2NDQ2LCJqdGkiOiI2MDVhNzk1Mzc1OGY0ZWEwYWRmNDdjYmYzZTliMGIyZCIsInVzZXJfaWQiOjF9.ZO3k-avZS9U96LVpkG3ty4_DfAuDL75juTa6_FMhlL0", "created_at": "2024-08-19T22:27:26.454Z", "expires_at": "2024-08-20T22:27:26Z"}}, {"model": "token_blacklist.outstandingtoken", "pk": 32, "fields": {"user": 1, "jti": "ccf4635ff6434069911c7594b25c5e0e", "token": "eyJhbGciOiJIUzI1NiIsInR5cCI6IkpXVCJ9.eyJ0b2tlbl90eXBlIjoicmVmcmVzaCIsImV4cCI6MTcyNDE5NjE1NCwiaWF0IjoxNzI0MTA5NzU0LCJqdGkiOiJjY2Y0NjM1ZmY2NDM0MDY5OTExYzc1OTRiMjVjNWUwZSIsInVzZXJfaWQiOjF9.6l_MCLjKK4zGoPjMHmru5SFJ9Mm5nd3q9sD54zy-sS8", "created_at": "2024-08-19T23:22:34.416Z", "expires_at": "2024-08-20T23:22:34Z"}}, {"model": "token_blacklist.outstandingtoken", "pk": 33, "fields": {"user": 1, "jti": "d713d172f57b4952b26e60e640023cef", "token": "eyJhbGciOiJIUzI1NiIsInR5cCI6IkpXVCJ9.eyJ0b2tlbl90eXBlIjoicmVmcmVzaCIsImV4cCI6MTcyNDE5NjE1NCwiaWF0IjoxNzI0MTA5NzU0LCJqdGkiOiJkNzEzZDE3MmY1N2I0OTUyYjI2ZTYwZTY0MDAyM2NlZiIsInVzZXJfaWQiOjF9.Isb8vUVWKTuOJ9q-kiobVwXrG-H7nn2RfeiKINhje0w", "created_at": "2024-08-19T23:22:34.466Z", "expires_at": "2024-08-20T23:22:34Z"}}, {"model": "token_blacklist.outstandingtoken", "pk": 34, "fields": {"user": 1, "jti": "8fe56a0900df475fac81b07c3ef8c95d", "token": "eyJhbGciOiJIUzI1NiIsInR5cCI6IkpXVCJ9.eyJ0b2tlbl90eXBlIjoicmVmcmVzaCIsImV4cCI6MTcyNDE5NjU1NiwiaWF0IjoxNzI0MTEwMTU2LCJqdGkiOiI4ZmU1NmEwOTAwZGY0NzVmYWM4MWIwN2MzZWY4Yzk1ZCIsInVzZXJfaWQiOjF9._YQ1dCmcfgwvDFRCo-_S5hQbN_hqV1NkhQ5WCb4fjnc", "created_at": "2024-08-19T23:29:16.206Z", "expires_at": "2024-08-20T23:29:16Z"}}, {"model": "token_blacklist.outstandingtoken", "pk": 35, "fields": {"user": 1, "jti": "28e217568f4c4b668c4545d5971acde1", "token": "eyJhbGciOiJIUzI1NiIsInR5cCI6IkpXVCJ9.eyJ0b2tlbl90eXBlIjoicmVmcmVzaCIsImV4cCI6MTcyNDE5NjU1NiwiaWF0IjoxNzI0MTEwMTU2LCJqdGkiOiIyOGUyMTc1NjhmNGM0YjY2OGM0NTQ1ZDU5NzFhY2RlMSIsInVzZXJfaWQiOjF9.1bY6ZEbyktiQIVvFucVzvg70rE60Cc0UhNaTtXIdp1g", "created_at": "2024-08-19T23:29:16.213Z", "expires_at": "2024-08-20T23:29:16Z"}}, {"model": "token_blacklist.outstandingtoken", "pk": 36, "fields": {"user": 1, "jti": "12cded250996400987d50b661de1165d", "token": "eyJhbGciOiJIUzI1NiIsInR5cCI6IkpXVCJ9.eyJ0b2tlbl90eXBlIjoicmVmcmVzaCIsImV4cCI6MTcyNDE5NzI4OCwiaWF0IjoxNzI0MTEwODg4LCJqdGkiOiIxMmNkZWQyNTA5OTY0MDA5ODdkNTBiNjYxZGUxMTY1ZCIsInVzZXJfaWQiOjF9.85Ts-TBajoJ_Ndsc94HDogVroaNIyGpT1u3QPbWzPfY", "created_at": "2024-08-19T23:41:28.394Z", "expires_at": "2024-08-20T23:41:28Z"}}, {"model": "token_blacklist.outstandingtoken", "pk": 37, "fields": {"user": 1, "jti": "03ffd283d96f4741ae88e3bfd8ad0c91", "token": "eyJhbGciOiJIUzI1NiIsInR5cCI6IkpXVCJ9.eyJ0b2tlbl90eXBlIjoicmVmcmVzaCIsImV4cCI6MTcyNDE5NzI4OCwiaWF0IjoxNzI0MTEwODg4LCJqdGkiOiIwM2ZmZDI4M2Q5NmY0NzQxYWU4OGUzYmZkOGFkMGM5MSIsInVzZXJfaWQiOjF9.1ilalePwmBmKvG_-YOX0jooLjRIK8eIPJ-Tjgy3mJYA", "created_at": "2024-08-19T23:41:28.411Z", "expires_at": "2024-08-20T23:41:28Z"}}, {"model": "token_blacklist.outstandingtoken", "pk": 38, "fields": {"user": 1, "jti": "70c700d8d6bb49a981ab2d247e65112b", "token": "eyJhbGciOiJIUzI1NiIsInR5cCI6IkpXVCJ9.eyJ0b2tlbl90eXBlIjoicmVmcmVzaCIsImV4cCI6MTcyNDE5NzMzNywiaWF0IjoxNzI0MTEwOTM3LCJqdGkiOiI3MGM3MDBkOGQ2YmI0OWE5ODFhYjJkMjQ3ZTY1MTEyYiIsInVzZXJfaWQiOjF9.8nTGsl7GOttDs_CFOp-HsOaUw-Osiu-qk4hQVkpHEkY", "created_at": "2024-08-19T23:42:17.306Z", "expires_at": "2024-08-20T23:42:17Z"}}, {"model": "token_blacklist.outstandingtoken", "pk": 39, "fields": {"user": 1, "jti": "eb9c746c7dc647069ac8b9fe1cb64d21", "token": "eyJhbGciOiJIUzI1NiIsInR5cCI6IkpXVCJ9.eyJ0b2tlbl90eXBlIjoicmVmcmVzaCIsImV4cCI6MTcyNDE5NzMzNywiaWF0IjoxNzI0MTEwOTM3LCJqdGkiOiJlYjljNzQ2YzdkYzY0NzA2OWFjOGI5ZmUxY2I2NGQyMSIsInVzZXJfaWQiOjF9.GZNO6lHFOzvIn61UqJ_oE6eD11ut3sofIgWnrOmGGO8", "created_at": "2024-08-19T23:42:17.310Z", "expires_at": "2024-08-20T23:42:17Z"}}, {"model": "token_blacklist.outstandingtoken", "pk": 40, "fields": {"user": 1, "jti": "3282d00382c04a928647837f14bdad88", "token": "eyJhbGciOiJIUzI1NiIsInR5cCI6IkpXVCJ9.eyJ0b2tlbl90eXBlIjoicmVmcmVzaCIsImV4cCI6MTcyNDE5NzUzMywiaWF0IjoxNzI0MTExMTMzLCJqdGkiOiIzMjgyZDAwMzgyYzA0YTkyODY0NzgzN2YxNGJkYWQ4OCIsInVzZXJfaWQiOjF9.V1Q4pnI1aN8yrnDz-GHE1XsV3idm45vlShsnF1-75AI", "created_at": "2024-08-19T23:45:33.410Z", "expires_at": "2024-08-20T23:45:33Z"}}, {"model": "token_blacklist.outstandingtoken", "pk": 41, "fields": {"user": 1, "jti": "8938bc70777b44aeaae148e85a61bb5e", "token": "eyJhbGciOiJIUzI1NiIsInR5cCI6IkpXVCJ9.eyJ0b2tlbl90eXBlIjoicmVmcmVzaCIsImV4cCI6MTcyNDE5NzUzMywiaWF0IjoxNzI0MTExMTMzLCJqdGkiOiI4OTM4YmM3MDc3N2I0NGFlYWFlMTQ4ZTg1YTYxYmI1ZSIsInVzZXJfaWQiOjF9.tu4rnBfnC2wk_DuwE9r0Ku-jN29AVmQJMgLtQCdXav8", "created_at": "2024-08-19T23:45:33.430Z", "expires_at": "2024-08-20T23:45:33Z"}}, {"model": "token_blacklist.outstandingtoken", "pk": 42, "fields": {"user": 3, "jti": "845f315a5f4d4ab29b6526769446ea55", "token": "eyJhbGciOiJIUzI1NiIsInR5cCI6IkpXVCJ9.eyJ0b2tlbl90eXBlIjoicmVmcmVzaCIsImV4cCI6MTcyNDE5Nzc5OSwiaWF0IjoxNzI0MTExMzk5LCJqdGkiOiI4NDVmMzE1YTVmNGQ0YWIyOWI2NTI2NzY5NDQ2ZWE1NSIsInVzZXJfaWQiOjN9.BXJ8Ly9ewiNeg8pJWvx2fSY2R7FNgkzDd4HLRQIHwTk", "created_at": "2024-08-19T23:49:59.519Z", "expires_at": "2024-08-20T23:49:59Z"}}, {"model": "token_blacklist.outstandingtoken", "pk": 43, "fields": {"user": 3, "jti": "3211c58844b345199ce5786fc11d7b3e", "token": "eyJhbGciOiJIUzI1NiIsInR5cCI6IkpXVCJ9.eyJ0b2tlbl90eXBlIjoicmVmcmVzaCIsImV4cCI6MTcyNDE5Nzc5OSwiaWF0IjoxNzI0MTExMzk5LCJqdGkiOiIzMjExYzU4ODQ0YjM0NTE5OWNlNTc4NmZjMTFkN2IzZSIsInVzZXJfaWQiOjN9.ZHUqo2G-BfVqZaLyTJ3l22q8nPrwnL7hoIzOxC_pMMQ", "created_at": "2024-08-19T23:49:59.555Z", "expires_at": "2024-08-20T23:49:59Z"}}, {"model": "token_blacklist.outstandingtoken", "pk": 44, "fields": {"user": 4, "jti": "542aa510eb3349c9b0125e544ce510f4", "token": "eyJhbGciOiJIUzI1NiIsInR5cCI6IkpXVCJ9.eyJ0b2tlbl90eXBlIjoicmVmcmVzaCIsImV4cCI6MTcyNDE5Nzg0NywiaWF0IjoxNzI0MTExNDQ3LCJqdGkiOiI1NDJhYTUxMGViMzM0OWM5YjAxMjVlNTQ0Y2U1MTBmNCIsInVzZXJfaWQiOjR9.CU9p3-LOKVTZVVh_TBaWo7gpOT7ilEW5S1M5Tj3VLMM", "created_at": "2024-08-19T23:50:47.558Z", "expires_at": "2024-08-20T23:50:47Z"}}, {"model": "token_blacklist.outstandingtoken", "pk": 45, "fields": {"user": 4, "jti": "3220295fed2041bebdf93b15c4c05ee5", "token": "eyJhbGciOiJIUzI1NiIsInR5cCI6IkpXVCJ9.eyJ0b2tlbl90eXBlIjoicmVmcmVzaCIsImV4cCI6MTcyNDE5Nzg0NywiaWF0IjoxNzI0MTExNDQ3LCJqdGkiOiIzMjIwMjk1ZmVkMjA0MWJlYmRmOTNiMTVjNGMwNWVlNSIsInVzZXJfaWQiOjR9.1NiJRA1LBPt6cabINbc8InJX7xAQB5Q5zV9hkk72osQ", "created_at": "2024-08-19T23:50:47.563Z", "expires_at": "2024-08-20T23:50:47Z"}}, {"model": "token_blacklist.outstandingtoken", "pk": 46, "fields": {"user": 4, "jti": "aad390c407e44ff5bc53d32043e003ee", "token": "eyJhbGciOiJIUzI1NiIsInR5cCI6IkpXVCJ9.eyJ0b2tlbl90eXBlIjoicmVmcmVzaCIsImV4cCI6MTcyNDE5ODAxMywiaWF0IjoxNzI0MTExNjEzLCJqdGkiOiJhYWQzOTBjNDA3ZTQ0ZmY1YmM1M2QzMjA0M2UwMDNlZSIsInVzZXJfaWQiOjR9.63ET6IDr43M-pZ7ZiV93_Vyqt-q8qRKGRW1g0UKy4DM", "created_at": "2024-08-19T23:53:33.223Z", "expires_at": "2024-08-20T23:53:33Z"}}, {"model": "token_blacklist.outstandingtoken", "pk": 47, "fields": {"user": 4, "jti": "0a1ae07a341c4fac905dc15b88b90d52", "token": "eyJhbGciOiJIUzI1NiIsInR5cCI6IkpXVCJ9.eyJ0b2tlbl90eXBlIjoicmVmcmVzaCIsImV4cCI6MTcyNDE5ODAxMywiaWF0IjoxNzI0MTExNjEzLCJqdGkiOiIwYTFhZTA3YTM0MWM0ZmFjOTA1ZGMxNWI4OGI5MGQ1MiIsInVzZXJfaWQiOjR9.aQYkMvEnwbwOHJT4u5rzLyYgbqCbZk7KE6NED4tnKKA", "created_at": "2024-08-19T23:53:33.227Z", "expires_at": "2024-08-20T23:53:33Z"}}, {"model": "token_blacklist.outstandingtoken", "pk": 48, "fields": {"user": 3, "jti": "980363cde678437c811482706ef55db5", "token": "eyJhbGciOiJIUzI1NiIsInR5cCI6IkpXVCJ9.eyJ0b2tlbl90eXBlIjoicmVmcmVzaCIsImV4cCI6MTcyNDIwMDU4MCwiaWF0IjoxNzI0MTE0MTgwLCJqdGkiOiI5ODAzNjNjZGU2Nzg0MzdjODExNDgyNzA2ZWY1NWRiNSIsInVzZXJfaWQiOjN9.civWmsScn345t2eLUgQVjtH63UslVrd-GKpguwvwpWM", "created_at": "2024-08-20T00:36:20.847Z", "expires_at": "2024-08-21T00:36:20Z"}}, {"model": "token_blacklist.outstandingtoken", "pk": 49, "fields": {"user": 3, "jti": "4d4f2b4582e24fca8bbdfbf17e445baf", "token": "eyJhbGciOiJIUzI1NiIsInR5cCI6IkpXVCJ9.eyJ0b2tlbl90eXBlIjoicmVmcmVzaCIsImV4cCI6MTcyNDIwMDU4MCwiaWF0IjoxNzI0MTE0MTgwLCJqdGkiOiI0ZDRmMmI0NTgyZTI0ZmNhOGJiZGZiZjE3ZTQ0NWJhZiIsInVzZXJfaWQiOjN9.4TKfjefs_6UQ25_hQ7gYxdvzFs4rKwd5ZhQEjm-43L0", "created_at": "2024-08-20T00:36:20.864Z", "expires_at": "2024-08-21T00:36:20Z"}}, {"model": "token_blacklist.outstandingtoken", "pk": 50, "fields": {"user": 1, "jti": "92ac3cff32dd43b3ad04a1fb4afae820", "token": "eyJhbGciOiJIUzI1NiIsInR5cCI6IkpXVCJ9.eyJ0b2tlbl90eXBlIjoicmVmcmVzaCIsImV4cCI6MTcyNDIwMTUzMSwiaWF0IjoxNzI0MTE1MTMxLCJqdGkiOiI5MmFjM2NmZjMyZGQ0M2IzYWQwNGExZmI0YWZhZTgyMCIsInVzZXJfaWQiOjF9.4AMz72jyMG1IjHkLirn1qn1trixDFHHZL3hTgLgXc64", "created_at": "2024-08-20T00:52:11.352Z", "expires_at": "2024-08-21T00:52:11Z"}}, {"model": "token_blacklist.outstandingtoken", "pk": 51, "fields": {"user": 1, "jti": "a7894f0e8b7e470d83c6a5690ee1d27f", "token": "eyJhbGciOiJIUzI1NiIsInR5cCI6IkpXVCJ9.eyJ0b2tlbl90eXBlIjoicmVmcmVzaCIsImV4cCI6MTcyNDIwMTUzMSwiaWF0IjoxNzI0MTE1MTMxLCJqdGkiOiJhNzg5NGYwZThiN2U0NzBkODNjNmE1NjkwZWUxZDI3ZiIsInVzZXJfaWQiOjF9.1qFexxXCf3iQvlTYbo2s3nEnpGsoIgAuLjYrOKYbzRE", "created_at": "2024-08-20T00:52:11.357Z", "expires_at": "2024-08-21T00:52:11Z"}}, {"model": "token_blacklist.outstandingtoken", "pk": 52, "fields": {"user": 1, "jti": "4553bd274e9047d08783cf68d26048ed", "token": "eyJhbGciOiJIUzI1NiIsInR5cCI6IkpXVCJ9.eyJ0b2tlbl90eXBlIjoicmVmcmVzaCIsImV4cCI6MTcyNDIwMjM1NSwiaWF0IjoxNzI0MTE1OTU1LCJqdGkiOiI0NTUzYmQyNzRlOTA0N2QwODc4M2NmNjhkMjYwNDhlZCIsInVzZXJfaWQiOjF9.C66yxlBcxbLW3XHYskvlRzCHcPcW-_qRixpWyPXT_E4", "created_at": "2024-08-20T01:05:55.600Z", "expires_at": "2024-08-21T01:05:55Z"}}, {"model": "token_blacklist.outstandingtoken", "pk": 53, "fields": {"user": 1, "jti": "0fc9fc5e906d4da48e0664b876d077fb", "token": "eyJhbGciOiJIUzI1NiIsInR5cCI6IkpXVCJ9.eyJ0b2tlbl90eXBlIjoicmVmcmVzaCIsImV4cCI6MTcyNDIwMjM1NSwiaWF0IjoxNzI0MTE1OTU1LCJqdGkiOiIwZmM5ZmM1ZTkwNmQ0ZGE0OGUwNjY0Yjg3NmQwNzdmYiIsInVzZXJfaWQiOjF9.66bY_4UhscfhlR9yRLpsPw1YQhxD4BtiOOe92zovCEA", "created_at": "2024-08-20T01:05:55.600Z", "expires_at": "2024-08-21T01:05:55Z"}}, {"model": "token_blacklist.outstandingtoken", "pk": 54, "fields": {"user": 1, "jti": "0ff058f934cd4a109697f1e3939a7a7b", "token": "eyJhbGciOiJIUzI1NiIsInR5cCI6IkpXVCJ9.eyJ0b2tlbl90eXBlIjoicmVmcmVzaCIsImV4cCI6MTcyNDI1MzYwMiwiaWF0IjoxNzI0MTY3MjAyLCJqdGkiOiIwZmYwNThmOTM0Y2Q0YTEwOTY5N2YxZTM5MzlhN2E3YiIsInVzZXJfaWQiOjF9.MF-FnzDVAe60uZEjbiptIBciYuiCvTKccYrm8K8JIGQ", "created_at": "2024-08-20T15:20:02.753Z", "expires_at": "2024-08-21T15:20:02Z"}}, {"model": "token_blacklist.outstandingtoken", "pk": 55, "fields": {"user": 1, "jti": "a270693b226d466791985d4b2da7bcfa", "token": "eyJhbGciOiJIUzI1NiIsInR5cCI6IkpXVCJ9.eyJ0b2tlbl90eXBlIjoicmVmcmVzaCIsImV4cCI6MTcyNDI1MzYwMiwiaWF0IjoxNzI0MTY3MjAyLCJqdGkiOiJhMjcwNjkzYjIyNmQ0NjY3OTE5ODVkNGIyZGE3YmNmYSIsInVzZXJfaWQiOjF9.a_6jL2uJjAyMfcU7RDDt1QZRfYUngQS8A__mY8yoLIw", "created_at": "2024-08-20T15:20:02.886Z", "expires_at": "2024-08-21T15:20:02Z"}}, {"model": "token_blacklist.outstandingtoken", "pk": 56, "fields": {"user": 1, "jti": "5124383efa4a4353a5885c5f7a133f43", "token": "eyJhbGciOiJIUzI1NiIsInR5cCI6IkpXVCJ9.eyJ0b2tlbl90eXBlIjoicmVmcmVzaCIsImV4cCI6MTcyNDI1NTYwNywiaWF0IjoxNzI0MTY5MjA3LCJqdGkiOiI1MTI0MzgzZWZhNGE0MzUzYTU4ODVjNWY3YTEzM2Y0MyIsInVzZXJfaWQiOjF9.LRHn-ElZ581sejiCeE85eMm_ZglHU_IJhqP1khr-PHU", "created_at": "2024-08-20T15:53:27.418Z", "expires_at": "2024-08-21T15:53:27Z"}}, {"model": "token_blacklist.outstandingtoken", "pk": 57, "fields": {"user": 1, "jti": "00a54e59b3db4dbc97ae66c21846031a", "token": "eyJhbGciOiJIUzI1NiIsInR5cCI6IkpXVCJ9.eyJ0b2tlbl90eXBlIjoicmVmcmVzaCIsImV4cCI6MTcyNDI1NTYwNywiaWF0IjoxNzI0MTY5MjA3LCJqdGkiOiIwMGE1NGU1OWIzZGI0ZGJjOTdhZTY2YzIxODQ2MDMxYSIsInVzZXJfaWQiOjF9.u_01VvjKG1LI8yJSbNzcCPb7lNyZz7s8Zk78TOht6QI", "created_at": "2024-08-20T15:53:27.436Z", "expires_at": "2024-08-21T15:53:27Z"}}, {"model": "token_blacklist.outstandingtoken", "pk": 58, "fields": {"user": 1, "jti": "87160e2744b14f29b8999143e753e680", "token": "eyJhbGciOiJIUzI1NiIsInR5cCI6IkpXVCJ9.eyJ0b2tlbl90eXBlIjoicmVmcmVzaCIsImV4cCI6MTcyNDMzNzM5NSwiaWF0IjoxNzI0MjUwOTk1LCJqdGkiOiI4NzE2MGUyNzQ0YjE0ZjI5Yjg5OTkxNDNlNzUzZTY4MCIsInVzZXJfaWQiOjF9.ptz8sGPk0QOEkhj753ThPgrWbgvt-X32MTroeQPObl4", "created_at": "2024-08-21T14:36:35.738Z", "expires_at": "2024-08-22T14:36:35Z"}}, {"model": "token_blacklist.outstandingtoken", "pk": 59, "fields": {"user": 1, "jti": "e615831f7faf4f508726520a38a3232d", "token": "eyJhbGciOiJIUzI1NiIsInR5cCI6IkpXVCJ9.eyJ0b2tlbl90eXBlIjoicmVmcmVzaCIsImV4cCI6MTcyNDMzNzM5NSwiaWF0IjoxNzI0MjUwOTk1LCJqdGkiOiJlNjE1ODMxZjdmYWY0ZjUwODcyNjUyMGEzOGEzMjMyZCIsInVzZXJfaWQiOjF9.bBbUlTe_UxOFWbSAguAbkBoO_UTwE37_sDowe_e7WNw", "created_at": "2024-08-21T14:36:35.864Z", "expires_at": "2024-08-22T14:36:35Z"}}, {"model": "token_blacklist.outstandingtoken", "pk": 60, "fields": {"user": 1, "jti": "163b9b076f5b4037ae29797d671fe46e", "token": "eyJhbGciOiJIUzI1NiIsInR5cCI6IkpXVCJ9.eyJ0b2tlbl90eXBlIjoicmVmcmVzaCIsImV4cCI6MTcyNDMzODk4MSwiaWF0IjoxNzI0MjUyNTgxLCJqdGkiOiIxNjNiOWIwNzZmNWI0MDM3YWUyOTc5N2Q2NzFmZTQ2ZSIsInVzZXJfaWQiOjF9.8FTcPm8vU4I-hCwfkNLAtxeCqICJ7EUj2yAO2Up5kNU", "created_at": "2024-08-21T15:03:01.731Z", "expires_at": "2024-08-22T15:03:01Z"}}, {"model": "token_blacklist.outstandingtoken", "pk": 61, "fields": {"user": 1, "jti": "350fd415e0874ddaa9720b082481aef7", "token": "eyJhbGciOiJIUzI1NiIsInR5cCI6IkpXVCJ9.eyJ0b2tlbl90eXBlIjoicmVmcmVzaCIsImV4cCI6MTcyNDMzODk4MSwiaWF0IjoxNzI0MjUyNTgxLCJqdGkiOiIzNTBmZDQxNWUwODc0ZGRhYTk3MjBiMDgyNDgxYWVmNyIsInVzZXJfaWQiOjF9.QyMNWgoSCwQpKYa3W5RYDfoYrHryBXg9pRX8gUN9eOI", "created_at": "2024-08-21T15:03:01.748Z", "expires_at": "2024-08-22T15:03:01Z"}}, {"model": "token_blacklist.outstandingtoken", "pk": 62, "fields": {"user": 1, "jti": "e531b5a7e809476e9b5bc6215a2b82d2", "token": "eyJhbGciOiJIUzI1NiIsInR5cCI6IkpXVCJ9.eyJ0b2tlbl90eXBlIjoicmVmcmVzaCIsImV4cCI6MTcyNDM0MTUzOSwiaWF0IjoxNzI0MjU1MTM5LCJqdGkiOiJlNTMxYjVhN2U4MDk0NzZlOWI1YmM2MjE1YTJiODJkMiIsInVzZXJfaWQiOjF9.JhWkzOBc1wEWBH53TFQAYPp6TtAJ4-GeOgBqbgrfkAA", "created_at": "2024-08-21T15:45:39.414Z", "expires_at": "2024-08-22T15:45:39Z"}}, {"model": "token_blacklist.outstandingtoken", "pk": 63, "fields": {"user": 1, "jti": "249bde963bc54073adfc094a0591e124", "token": "eyJhbGciOiJIUzI1NiIsInR5cCI6IkpXVCJ9.eyJ0b2tlbl90eXBlIjoicmVmcmVzaCIsImV4cCI6MTcyNDM0MTUzOSwiaWF0IjoxNzI0MjU1MTM5LCJqdGkiOiIyNDliZGU5NjNiYzU0MDczYWRmYzA5NGEwNTkxZTEyNCIsInVzZXJfaWQiOjF9.B6ezwQtU9-VfGG8FjyyM2d5Sdejd-rBOavhcgRNRpsU", "created_at": "2024-08-21T15:45:39.427Z", "expires_at": "2024-08-22T15:45:39Z"}}, {"model": "token_blacklist.outstandingtoken", "pk": 64, "fields": {"user": 1, "jti": "f0ac8cdceaab4493abfd450793598fee", "token": "eyJhbGciOiJIUzI1NiIsInR5cCI6IkpXVCJ9.eyJ0b2tlbl90eXBlIjoicmVmcmVzaCIsImV4cCI6MTcyNDM0Mzg2NSwiaWF0IjoxNzI0MjU3NDY1LCJqdGkiOiJmMGFjOGNkY2VhYWI0NDkzYWJmZDQ1MDc5MzU5OGZlZSIsInVzZXJfaWQiOjF9.4L-f2ks58rbV5nBDiKbnAvKQakZ3yxTYxLlJpUAFPDM", "created_at": "2024-08-21T16:24:25.507Z", "expires_at": "2024-08-22T16:24:25Z"}}, {"model": "token_blacklist.outstandingtoken", "pk": 65, "fields": {"user": 1, "jti": "da382c25373a435a8542f2b9c9ed5748", "token": "eyJhbGciOiJIUzI1NiIsInR5cCI6IkpXVCJ9.eyJ0b2tlbl90eXBlIjoicmVmcmVzaCIsImV4cCI6MTcyNDM0Mzg2NSwiaWF0IjoxNzI0MjU3NDY1LCJqdGkiOiJkYTM4MmMyNTM3M2E0MzVhODU0MmYyYjljOWVkNTc0OCIsInVzZXJfaWQiOjF9.JhZ9osKeThI90KGL_pa5TkWwMyl4AKLWh5erOhXPkCY", "created_at": "2024-08-21T16:24:25.514Z", "expires_at": "2024-08-22T16:24:25Z"}}, {"model": "token_blacklist.outstandingtoken", "pk": 66, "fields": {"user": 1, "jti": "effdaf2a065e4c7ba766d9f485dbe175", "token": "eyJhbGciOiJIUzI1NiIsInR5cCI6IkpXVCJ9.eyJ0b2tlbl90eXBlIjoicmVmcmVzaCIsImV4cCI6MTcyNDM0NDQ4MiwiaWF0IjoxNzI0MjU4MDgyLCJqdGkiOiJlZmZkYWYyYTA2NWU0YzdiYTc2NmQ5ZjQ4NWRiZTE3NSIsInVzZXJfaWQiOjF9.1c8yZr_QM8ZspPUp_ZSCOFHdCkSCMnk6uD3shUZyU0M", "created_at": "2024-08-21T16:34:42.086Z", "expires_at": "2024-08-22T16:34:42Z"}}, {"model": "token_blacklist.outstandingtoken", "pk": 67, "fields": {"user": 1, "jti": "4a04b14ef0e34d318fb710cdf16f89e1", "token": "eyJhbGciOiJIUzI1NiIsInR5cCI6IkpXVCJ9.eyJ0b2tlbl90eXBlIjoicmVmcmVzaCIsImV4cCI6MTcyNDM0NDQ4MiwiaWF0IjoxNzI0MjU4MDgyLCJqdGkiOiI0YTA0YjE0ZWYwZTM0ZDMxOGZiNzEwY2RmMTZmODllMSIsInVzZXJfaWQiOjF9.ftQZ0pZ5aPi-dnYpDtN45PwxXRSJF6rOzsAhkaoF-Dw", "created_at": "2024-08-21T16:34:42.111Z", "expires_at": "2024-08-22T16:34:42Z"}}, {"model": "token_blacklist.outstandingtoken", "pk": 68, "fields": {"user": 1, "jti": "49e64fe55343467e9e98f3408c8a02ad", "token": "eyJhbGciOiJIUzI1NiIsInR5cCI6IkpXVCJ9.eyJ0b2tlbl90eXBlIjoicmVmcmVzaCIsImV4cCI6MTcyNDM0NjQ0MiwiaWF0IjoxNzI0MjYwMDQyLCJqdGkiOiI0OWU2NGZlNTUzNDM0NjdlOWU5OGYzNDA4YzhhMDJhZCIsInVzZXJfaWQiOjF9.qYLDKYgkXwTxlsvAlS6kQ4dWbprTGFtI6QFEwz0o6C8", "created_at": "2024-08-21T17:07:22.029Z", "expires_at": "2024-08-22T17:07:22Z"}}, {"model": "token_blacklist.outstandingtoken", "pk": 69, "fields": {"user": 1, "jti": "69d1153ff1f4422fb54c58405c84fc2e", "token": "eyJhbGciOiJIUzI1NiIsInR5cCI6IkpXVCJ9.eyJ0b2tlbl90eXBlIjoicmVmcmVzaCIsImV4cCI6MTcyNDM0NjQ0MiwiaWF0IjoxNzI0MjYwMDQyLCJqdGkiOiI2OWQxMTUzZmYxZjQ0MjJmYjU0YzU4NDA1Yzg0ZmMyZSIsInVzZXJfaWQiOjF9.x0W2U0I1lBrUtu7r1925gCRu68cEIGax4jmMWLmNumU", "created_at": "2024-08-21T17:07:22.047Z", "expires_at": "2024-08-22T17:07:22Z"}}, {"model": "token_blacklist.outstandingtoken", "pk": 70, "fields": {"user": 1, "jti": "592e6d10ece9442b834397cc76c70996", "token": "eyJhbGciOiJIUzI1NiIsInR5cCI6IkpXVCJ9.eyJ0b2tlbl90eXBlIjoicmVmcmVzaCIsImV4cCI6MTcyNDM0OTc4NCwiaWF0IjoxNzI0MjYzMzg0LCJqdGkiOiI1OTJlNmQxMGVjZTk0NDJiODM0Mzk3Y2M3NmM3MDk5NiIsInVzZXJfaWQiOjF9.YZB7_3gh_ip4oQT4Ih8uH54uL-ruGKnWoy3K4tA2CWI", "created_at": "2024-08-21T18:03:04.231Z", "expires_at": "2024-08-22T18:03:04Z"}}, {"model": "token_blacklist.outstandingtoken", "pk": 71, "fields": {"user": 1, "jti": "efc0598acebd48e3851ccd5474d52a58", "token": "eyJhbGciOiJIUzI1NiIsInR5cCI6IkpXVCJ9.eyJ0b2tlbl90eXBlIjoicmVmcmVzaCIsImV4cCI6MTcyNDM0OTc4NCwiaWF0IjoxNzI0MjYzMzg0LCJqdGkiOiJlZmMwNTk4YWNlYmQ0OGUzODUxY2NkNTQ3NGQ1MmE1OCIsInVzZXJfaWQiOjF9.uEizhu9Y3SKXaFdMdEvyBPVDx0V8bkUCNWnzwp3qNEI", "created_at": "2024-08-21T18:03:04.426Z", "expires_at": "2024-08-22T18:03:04Z"}}, {"model": "token_blacklist.outstandingtoken", "pk": 72, "fields": {"user": 5, "jti": "af2da91210e14bf69fb83389fd1ced34", "token": "eyJhbGciOiJIUzI1NiIsInR5cCI6IkpXVCJ9.eyJ0b2tlbl90eXBlIjoicmVmcmVzaCIsImV4cCI6MTcyNDM0OTkyNywiaWF0IjoxNzI0MjYzNTI3LCJqdGkiOiJhZjJkYTkxMjEwZTE0YmY2OWZiODMzODlmZDFjZWQzNCIsInVzZXJfaWQiOjV9.niMC1tT0YrMi8AlBb4T9z4oz3G2BSrL1jBfPSF84TFg", "created_at": "2024-08-21T18:05:27.463Z", "expires_at": "2024-08-22T18:05:27Z"}}, {"model": "token_blacklist.outstandingtoken", "pk": 73, "fields": {"user": 5, "jti": "fa42d97f843d4268a7c15b4c398e8ed2", "token": "eyJhbGciOiJIUzI1NiIsInR5cCI6IkpXVCJ9.eyJ0b2tlbl90eXBlIjoicmVmcmVzaCIsImV4cCI6MTcyNDM0OTkyNywiaWF0IjoxNzI0MjYzNTI3LCJqdGkiOiJmYTQyZDk3Zjg0M2Q0MjY4YTdjMTViNGMzOThlOGVkMiIsInVzZXJfaWQiOjV9.KbyhXquWHYFTcJSaGqQGEYlFDOsHyFjsSxx0arsvrIQ", "created_at": "2024-08-21T18:05:27.463Z", "expires_at": "2024-08-22T18:05:27Z"}}, {"model": "token_blacklist.outstandingtoken", "pk": 74, "fields": {"user": 3, "jti": "834ea6394f6149e8a903e85858af4a84", "token": "eyJhbGciOiJIUzI1NiIsInR5cCI6IkpXVCJ9.eyJ0b2tlbl90eXBlIjoicmVmcmVzaCIsImV4cCI6MTcyNDM1MTk5MCwiaWF0IjoxNzI0MjY1NTkwLCJqdGkiOiI4MzRlYTYzOTRmNjE0OWU4YTkwM2U4NTg1OGFmNGE4NCIsInVzZXJfaWQiOjN9.wsRwSO-Mngm1wqreLQw8jcFEuReTKU7W_r3QTv0nq5s", "created_at": "2024-08-21T18:39:50.823Z", "expires_at": "2024-08-22T18:39:50Z"}}, {"model": "token_blacklist.outstandingtoken", "pk": 75, "fields": {"user": 3, "jti": "5a20f65d58bc44729803382bd9289730", "token": "eyJhbGciOiJIUzI1NiIsInR5cCI6IkpXVCJ9.eyJ0b2tlbl90eXBlIjoicmVmcmVzaCIsImV4cCI6MTcyNDM1MTk5MCwiaWF0IjoxNzI0MjY1NTkwLCJqdGkiOiI1YTIwZjY1ZDU4YmM0NDcyOTgwMzM4MmJkOTI4OTczMCIsInVzZXJfaWQiOjN9.1zutWYtuCZhVmFQR9QpFxM2KUJv9ZmgsSbJC35yFT2U", "created_at": "2024-08-21T18:39:50.843Z", "expires_at": "2024-08-22T18:39:50Z"}}, {"model": "token_blacklist.outstandingtoken", "pk": 76, "fields": {"user": 1, "jti": "5739198c0c894b3296291202e7e8ae7e", "token": "eyJhbGciOiJIUzI1NiIsInR5cCI6IkpXVCJ9.eyJ0b2tlbl90eXBlIjoicmVmcmVzaCIsImV4cCI6MTcyNDM1NDc0NiwiaWF0IjoxNzI0MjY4MzQ2LCJqdGkiOiI1NzM5MTk4YzBjODk0YjMyOTYyOTEyMDJlN2U4YWU3ZSIsInVzZXJfaWQiOjF9.tgo-YiJbV5bSSukxBhaTqHiBBK8GFOJkBBJZMoS5LBs", "created_at": "2024-08-21T19:25:46.933Z", "expires_at": "2024-08-22T19:25:46Z"}}, {"model": "token_blacklist.outstandingtoken", "pk": 77, "fields": {"user": 1, "jti": "5d214019e61c41d7985835b2b63e24b9", "token": "eyJhbGciOiJIUzI1NiIsInR5cCI6IkpXVCJ9.eyJ0b2tlbl90eXBlIjoicmVmcmVzaCIsImV4cCI6MTcyNDM1NDc0NiwiaWF0IjoxNzI0MjY4MzQ2LCJqdGkiOiI1ZDIxNDAxOWU2MWM0MWQ3OTg1ODM1YjJiNjNlMjRiOSIsInVzZXJfaWQiOjF9.0dBLmzA3GkU2OkwjNESwF1Lf21lwOyP0_EoaPpdl-mA", "created_at": "2024-08-21T19:25:46.938Z", "expires_at": "2024-08-22T19:25:46Z"}}, {"model": "token_blacklist.outstandingtoken", "pk": 78, "fields": {"user": 1, "jti": "52a45ffd083048118f64d258a1e6aaa4", "token": "eyJhbGciOiJIUzI1NiIsInR5cCI6IkpXVCJ9.eyJ0b2tlbl90eXBlIjoicmVmcmVzaCIsImV4cCI6MTcyNDM1NjgzMSwiaWF0IjoxNzI0MjcwNDMxLCJqdGkiOiI1MmE0NWZmZDA4MzA0ODExOGY2NGQyNThhMWU2YWFhNCIsInVzZXJfaWQiOjF9.e-Nwsdyr3HBLJg9oSbCqe0-bAJ7YKO0WO7OhDMSEyxg", "created_at": "2024-08-21T20:00:31.531Z", "expires_at": "2024-08-22T20:00:31Z"}}, {"model": "token_blacklist.outstandingtoken", "pk": 79, "fields": {"user": 1, "jti": "201bffd2501744f69b64e68da4d382a7", "token": "eyJhbGciOiJIUzI1NiIsInR5cCI6IkpXVCJ9.eyJ0b2tlbl90eXBlIjoicmVmcmVzaCIsImV4cCI6MTcyNDM1NjgzMSwiaWF0IjoxNzI0MjcwNDMxLCJqdGkiOiIyMDFiZmZkMjUwMTc0NGY2OWI2NGU2OGRhNGQzODJhNyIsInVzZXJfaWQiOjF9.4FuxTobtPKIn1yYhswuszRIh2RS25D1BV31CqAI_aWQ", "created_at": "2024-08-21T20:00:31.542Z", "expires_at": "2024-08-22T20:00:31Z"}}, {"model": "token_blacklist.outstandingtoken", "pk": 80, "fields": {"user": 1, "jti": "5bd6acfcfa244c21abb8cbbc294f4647", "token": "eyJhbGciOiJIUzI1NiIsInR5cCI6IkpXVCJ9.eyJ0b2tlbl90eXBlIjoicmVmcmVzaCIsImV4cCI6MTcyNDM1NzU3NywiaWF0IjoxNzI0MjcxMTc3LCJqdGkiOiI1YmQ2YWNmY2ZhMjQ0YzIxYWJiOGNiYmMyOTRmNDY0NyIsInVzZXJfaWQiOjF9.xP2m_Zik-ljPKrx2qTmKwxZtnRLyfALBal75X1sysns", "created_at": "2024-08-21T20:12:57.694Z", "expires_at": "2024-08-22T20:12:57Z"}}, {"model": "token_blacklist.outstandingtoken", "pk": 81, "fields": {"user": 1, "jti": "c720fae2c53644df833174c1913cf258", "token": "eyJhbGciOiJIUzI1NiIsInR5cCI6IkpXVCJ9.eyJ0b2tlbl90eXBlIjoicmVmcmVzaCIsImV4cCI6MTcyNDM1NzU3NywiaWF0IjoxNzI0MjcxMTc3LCJqdGkiOiJjNzIwZmFlMmM1MzY0NGRmODMzMTc0YzE5MTNjZjI1OCIsInVzZXJfaWQiOjF9.-qA9gwJZc-jwPmXQvj-FwuQic7EBeYwYOSb5u9ECnXE", "created_at": "2024-08-21T20:12:57.701Z", "expires_at": "2024-08-22T20:12:57Z"}}, {"model": "token_blacklist.outstandingtoken", "pk": 82, "fields": {"user": 1, "jti": "7ee556d7395c44768b63c006e9dee9ac", "token": "eyJhbGciOiJIUzI1NiIsInR5cCI6IkpXVCJ9.eyJ0b2tlbl90eXBlIjoicmVmcmVzaCIsImV4cCI6MTcyNDM1OTMyOSwiaWF0IjoxNzI0MjcyOTI5LCJqdGkiOiI3ZWU1NTZkNzM5NWM0NDc2OGI2M2MwMDZlOWRlZTlhYyIsInVzZXJfaWQiOjF9._X7GZFFYdvr6UTlWn5mYvlaJPyTBLxtAZfNj0-ksLEg", "created_at": "2024-08-21T20:42:09.698Z", "expires_at": "2024-08-22T20:42:09Z"}}, {"model": "token_blacklist.outstandingtoken", "pk": 83, "fields": {"user": 1, "jti": "6f05c75790ee46a5b8b4a6c953fe5af7", "token": "eyJhbGciOiJIUzI1NiIsInR5cCI6IkpXVCJ9.eyJ0b2tlbl90eXBlIjoicmVmcmVzaCIsImV4cCI6MTcyNDM1OTMyOSwiaWF0IjoxNzI0MjcyOTI5LCJqdGkiOiI2ZjA1Yzc1NzkwZWU0NmE1YjhiNGE2Yzk1M2ZlNWFmNyIsInVzZXJfaWQiOjF9.eeMZpo7ticmpTxc7Pqc2l4CdwIjVFVjRZWDbf7c3aqI", "created_at": "2024-08-21T20:42:09.703Z", "expires_at": "2024-08-22T20:42:09Z"}}, {"model": "token_blacklist.outstandingtoken", "pk": 84, "fields": {"user": 1, "jti": "fd5d91c7d52044229d9294be69f15941", "token": "eyJhbGciOiJIUzI1NiIsInR5cCI6IkpXVCJ9.eyJ0b2tlbl90eXBlIjoicmVmcmVzaCIsImV4cCI6MTcyNDM2MDI1OSwiaWF0IjoxNzI0MjczODU5LCJqdGkiOiJmZDVkOTFjN2Q1MjA0NDIyOWQ5Mjk0YmU2OWYxNTk0MSIsInVzZXJfaWQiOjF9.M-7nDqsZJsUkrMuWOJUfhj7NVdd7p05tXORkPGDMVQ0", "created_at": "2024-08-21T20:57:39.703Z", "expires_at": "2024-08-22T20:57:39Z"}}, {"model": "token_blacklist.outstandingtoken", "pk": 85, "fields": {"user": 1, "jti": "80141fe4038b46ec87e2356abd49ac98", "token": "eyJhbGciOiJIUzI1NiIsInR5cCI6IkpXVCJ9.eyJ0b2tlbl90eXBlIjoicmVmcmVzaCIsImV4cCI6MTcyNDM2MDI1OSwiaWF0IjoxNzI0MjczODU5LCJqdGkiOiI4MDE0MWZlNDAzOGI0NmVjODdlMjM1NmFiZDQ5YWM5OCIsInVzZXJfaWQiOjF9.fy_rA_faIcaRARovPTnQ7zNzX7ZKiNaZvBEsXdxk4E8", "created_at": "2024-08-21T20:57:39.709Z", "expires_at": "2024-08-22T20:57:39Z"}}, {"model": "token_blacklist.outstandingtoken", "pk": 86, "fields": {"user": 1, "jti": "72f50573ef284df280c03d752df73bbb", "token": "eyJhbGciOiJIUzI1NiIsInR5cCI6IkpXVCJ9.eyJ0b2tlbl90eXBlIjoicmVmcmVzaCIsImV4cCI6MTcyNDM2MTMyMCwiaWF0IjoxNzI0Mjc0OTIwLCJqdGkiOiI3MmY1MDU3M2VmMjg0ZGYyODBjMDNkNzUyZGY3M2JiYiIsInVzZXJfaWQiOjF9.sz8stVKggAimjvki7s921xFk7089Mg_Hqq-D6Uff4hQ", "created_at": "2024-08-21T21:15:20.094Z", "expires_at": "2024-08-22T21:15:20Z"}}, {"model": "token_blacklist.outstandingtoken", "pk": 87, "fields": {"user": 1, "jti": "6cd0b7ac9b4f4568a189733c40bea399", "token": "eyJhbGciOiJIUzI1NiIsInR5cCI6IkpXVCJ9.eyJ0b2tlbl90eXBlIjoicmVmcmVzaCIsImV4cCI6MTcyNDM2MTMyMCwiaWF0IjoxNzI0Mjc0OTIwLCJqdGkiOiI2Y2QwYjdhYzliNGY0NTY4YTE4OTczM2M0MGJlYTM5OSIsInVzZXJfaWQiOjF9.8-bmlvZSTllPjvIN-Ao4qKHOmNYqpRKbGX0CKVfG9oM", "created_at": "2024-08-21T21:15:20.101Z", "expires_at": "2024-08-22T21:15:20Z"}}, {"model": "token_blacklist.outstandingtoken", "pk": 88, "fields": {"user": 1, "jti": "d6b28961dd8a4562beb8279fc718d8a0", "token": "eyJhbGciOiJIUzI1NiIsInR5cCI6IkpXVCJ9.eyJ0b2tlbl90eXBlIjoicmVmcmVzaCIsImV4cCI6MTcyNDM2MTU3OCwiaWF0IjoxNzI0Mjc1MTc4LCJqdGkiOiJkNmIyODk2MWRkOGE0NTYyYmViODI3OWZjNzE4ZDhhMCIsInVzZXJfaWQiOjF9.j1H2Ez9DVmLsZNjXf8C4QwFfeViNQUZCVWFbLwZiH40", "created_at": "2024-08-21T21:19:38.082Z", "expires_at": "2024-08-22T21:19:38Z"}}, {"model": "token_blacklist.outstandingtoken", "pk": 89, "fields": {"user": 1, "jti": "e4b93764840d46088746d3f099d02696", "token": "eyJhbGciOiJIUzI1NiIsInR5cCI6IkpXVCJ9.eyJ0b2tlbl90eXBlIjoicmVmcmVzaCIsImV4cCI6MTcyNDM2MTU3OCwiaWF0IjoxNzI0Mjc1MTc4LCJqdGkiOiJlNGI5Mzc2NDg0MGQ0NjA4ODc0NmQzZjA5OWQwMjY5NiIsInVzZXJfaWQiOjF9.npyppWjSpZZGqnAeNB2WQKrzapNVWSBu4Ho3N9TX_zw", "created_at": "2024-08-21T21:19:38.088Z", "expires_at": "2024-08-22T21:19:38Z"}}, {"model": "token_blacklist.outstandingtoken", "pk": 90, "fields": {"user": 1, "jti": "eae3039fd5554699810e60b7587ca91a", "token": "eyJhbGciOiJIUzI1NiIsInR5cCI6IkpXVCJ9.eyJ0b2tlbl90eXBlIjoicmVmcmVzaCIsImV4cCI6MTcyNDM2NTI1NCwiaWF0IjoxNzI0Mjc4ODU0LCJqdGkiOiJlYWUzMDM5ZmQ1NTU0Njk5ODEwZTYwYjc1ODdjYTkxYSIsInVzZXJfaWQiOjF9.368CkjUJE34goJXj5M-B_vAOC4uK0WamzgSJ0x0-Elc", "created_at": "2024-08-21T22:20:54.678Z", "expires_at": "2024-08-22T22:20:54Z"}}, {"model": "token_blacklist.outstandingtoken", "pk": 91, "fields": {"user": 1, "jti": "c5a40ff0e84144c08ebeccce48262a48", "token": "eyJhbGciOiJIUzI1NiIsInR5cCI6IkpXVCJ9.eyJ0b2tlbl90eXBlIjoicmVmcmVzaCIsImV4cCI6MTcyNDM2NTI1NCwiaWF0IjoxNzI0Mjc4ODU0LCJqdGkiOiJjNWE0MGZmMGU4NDE0NGMwOGViZWNjY2U0ODI2MmE0OCIsInVzZXJfaWQiOjF9.0az9BwLQRC-V6nrIPcirtv60aTwVpaFLAEYqG7SA4Ps", "created_at": "2024-08-21T22:20:54.787Z", "expires_at": "2024-08-22T22:20:54Z"}}, {"model": "token_blacklist.outstandingtoken", "pk": 92, "fields": {"user": 1, "jti": "eacbad9052994ea789fcc08e9c4851dc", "token": "eyJhbGciOiJIUzI1NiIsInR5cCI6IkpXVCJ9.eyJ0b2tlbl90eXBlIjoicmVmcmVzaCIsImV4cCI6MTcyNDM2NTQ2OSwiaWF0IjoxNzI0Mjc5MDY5LCJqdGkiOiJlYWNiYWQ5MDUyOTk0ZWE3ODlmY2MwOGU5YzQ4NTFkYyIsInVzZXJfaWQiOjF9.9jtXhuVvWxEIFPRcgnQKzKz1CPVnK_3pxnVfGwU4tNo", "created_at": "2024-08-21T22:24:29.236Z", "expires_at": "2024-08-22T22:24:29Z"}}, {"model": "token_blacklist.outstandingtoken", "pk": 93, "fields": {"user": 1, "jti": "2c6fe669533a4950abb1a7c10f9f2339", "token": "eyJhbGciOiJIUzI1NiIsInR5cCI6IkpXVCJ9.eyJ0b2tlbl90eXBlIjoicmVmcmVzaCIsImV4cCI6MTcyNDM2NTQ2OSwiaWF0IjoxNzI0Mjc5MDY5LCJqdGkiOiIyYzZmZTY2OTUzM2E0OTUwYWJiMWE3YzEwZjlmMjMzOSIsInVzZXJfaWQiOjF9.qVdAkKSHDbtC0wyEa4mkgqGCg7OwIkPR320s5oh3pxc", "created_at": "2024-08-21T22:24:29.242Z", "expires_at": "2024-08-22T22:24:29Z"}}, {"model": "token_blacklist.outstandingtoken", "pk": 94, "fields": {"user": 5, "jti": "032dc975452d47be9f72d2160eac9565", "token": "eyJhbGciOiJIUzI1NiIsInR5cCI6IkpXVCJ9.eyJ0b2tlbl90eXBlIjoicmVmcmVzaCIsImV4cCI6MTcyNDM2NzAzOCwiaWF0IjoxNzI0MjgwNjM4LCJqdGkiOiIwMzJkYzk3NTQ1MmQ0N2JlOWY3MmQyMTYwZWFjOTU2NSIsInVzZXJfaWQiOjV9.CtAsf0wAioHJM3vHOFsUffEZIM7pOKAb5LB04xH4SKs", "created_at": "2024-08-21T22:50:38.679Z", "expires_at": "2024-08-22T22:50:38Z"}}, {"model": "token_blacklist.outstandingtoken", "pk": 95, "fields": {"user": 5, "jti": "9915a410e5a84c51978bb76bbe0ee3d2", "token": "eyJhbGciOiJIUzI1NiIsInR5cCI6IkpXVCJ9.eyJ0b2tlbl90eXBlIjoicmVmcmVzaCIsImV4cCI6MTcyNDM2NzAzOCwiaWF0IjoxNzI0MjgwNjM4LCJqdGkiOiI5OTE1YTQxMGU1YTg0YzUxOTc4YmI3NmJiZTBlZTNkMiIsInVzZXJfaWQiOjV9.gihEu4Vzq4aH8DUqAxV1-8sCfqZXDzn94KGnolO-uUs", "created_at": "2024-08-21T22:50:38.699Z", "expires_at": "2024-08-22T22:50:38Z"}}, {"model": "token_blacklist.outstandingtoken", "pk": 96, "fields": {"user": 1, "jti": "894600e8459c4a3fae27e8e112a961d0", "token": "eyJhbGciOiJIUzI1NiIsInR5cCI6IkpXVCJ9.eyJ0b2tlbl90eXBlIjoicmVmcmVzaCIsImV4cCI6MTcyNDM3MzU0NywiaWF0IjoxNzI0Mjg3MTQ3LCJqdGkiOiI4OTQ2MDBlODQ1OWM0YTNmYWUyN2U4ZTExMmE5NjFkMCIsInVzZXJfaWQiOjF9.CLgPMPqYX1njgcREyYWOwfQA6tUW9dMnnify1otCaNo", "created_at": "2024-08-22T00:39:07.418Z", "expires_at": "2024-08-23T00:39:07Z"}}, {"model": "token_blacklist.outstandingtoken", "pk": 97, "fields": {"user": 1, "jti": "6766dd4bae2c45d88a0682293d8873c8", "token": "eyJhbGciOiJIUzI1NiIsInR5cCI6IkpXVCJ9.eyJ0b2tlbl90eXBlIjoicmVmcmVzaCIsImV4cCI6MTcyNDM3MzU0NywiaWF0IjoxNzI0Mjg3MTQ3LCJqdGkiOiI2NzY2ZGQ0YmFlMmM0NWQ4OGEwNjgyMjkzZDg4NzNjOCIsInVzZXJfaWQiOjF9.9mMc76n995oUlThx7sQB8wYRzb9BI_lC5GkEwfujTYg", "created_at": "2024-08-22T00:39:07.461Z", "expires_at": "2024-08-23T00:39:07Z"}}, {"model": "token_blacklist.outstandingtoken", "pk": 98, "fields": {"user": 1, "jti": "8d368fad96fb4229a87bf431a2ffb09e", "token": "eyJhbGciOiJIUzI1NiIsInR5cCI6IkpXVCJ9.eyJ0b2tlbl90eXBlIjoicmVmcmVzaCIsImV4cCI6MTcyNDM3MzY4OCwiaWF0IjoxNzI0Mjg3Mjg4LCJqdGkiOiI4ZDM2OGZhZDk2ZmI0MjI5YTg3YmY0MzFhMmZmYjA5ZSIsInVzZXJfaWQiOjF9._3WlNMQ2zPssAJT2Ui9KqFeDRZ5ttizGGA1eWle2SPU", "created_at": "2024-08-22T00:41:28.678Z", "expires_at": "2024-08-23T00:41:28Z"}}, {"model": "token_blacklist.outstandingtoken", "pk": 99, "fields": {"user": 1, "jti": "8fb832a801614596996c3b901025e72d", "token": "eyJhbGciOiJIUzI1NiIsInR5cCI6IkpXVCJ9.eyJ0b2tlbl90eXBlIjoicmVmcmVzaCIsImV4cCI6MTcyNDM3MzY4OCwiaWF0IjoxNzI0Mjg3Mjg4LCJqdGkiOiI4ZmI4MzJhODAxNjE0NTk2OTk2YzNiOTAxMDI1ZTcyZCIsInVzZXJfaWQiOjF9.MrLFyrgZBSTmWMET2BPi3SiLgnLj5dVwb1ha8DCBoN0", "created_at": "2024-08-22T00:41:28.678Z", "expires_at": "2024-08-23T00:41:28Z"}}, {"model": "token_blacklist.outstandingtoken", "pk": 100, "fields": {"user": 1, "jti": "c0613c4640e74520b0f2ad905b3e3716", "token": "eyJhbGciOiJIUzI1NiIsInR5cCI6IkpXVCJ9.eyJ0b2tlbl90eXBlIjoicmVmcmVzaCIsImV4cCI6MTcyNDM3NDQ0NiwiaWF0IjoxNzI0Mjg4MDQ2LCJqdGkiOiJjMDYxM2M0NjQwZTc0NTIwYjBmMmFkOTA1YjNlMzcxNiIsInVzZXJfaWQiOjF9.dytBT35MnrULsoAJPs4ubyVEAoQapJoV6XvPHUNfIHU", "created_at": "2024-08-22T00:54:06.958Z", "expires_at": "2024-08-23T00:54:06Z"}}, {"model": "token_blacklist.outstandingtoken", "pk": 101, "fields": {"user": 1, "jti": "77981ad67835469db91c1c76138bd0da", "token": "eyJhbGciOiJIUzI1NiIsInR5cCI6IkpXVCJ9.eyJ0b2tlbl90eXBlIjoicmVmcmVzaCIsImV4cCI6MTcyNDM3NDQ0NiwiaWF0IjoxNzI0Mjg4MDQ2LCJqdGkiOiI3Nzk4MWFkNjc4MzU0NjlkYjkxYzFjNzYxMzhiZDBkYSIsInVzZXJfaWQiOjF9.EQDAlIJh1tyVOF_fjyF3dkMTa8p4s2Trd_-81nyV-fw", "created_at": "2024-08-22T00:54:06.980Z", "expires_at": "2024-08-23T00:54:06Z"}}, {"model": "token_blacklist.outstandingtoken", "pk": 102, "fields": {"user": 1, "jti": "d74cde282c524c6c9dfac8acee484674", "token": "eyJhbGciOiJIUzI1NiIsInR5cCI6IkpXVCJ9.eyJ0b2tlbl90eXBlIjoicmVmcmVzaCIsImV4cCI6MTcyNDM3NzQxMCwiaWF0IjoxNzI0MjkxMDEwLCJqdGkiOiJkNzRjZGUyODJjNTI0YzZjOWRmYWM4YWNlZTQ4NDY3NCIsInVzZXJfaWQiOjF9.S2eOGIu34-zG06OEADnvUs_pkx0jMGCn7uXoCYHy5Z4", "created_at": "2024-08-22T01:43:30.607Z", "expires_at": "2024-08-23T01:43:30Z"}}, {"model": "token_blacklist.outstandingtoken", "pk": 103, "fields": {"user": 1, "jti": "eec4278969a04718ae48c7629a53ec8b", "token": "eyJhbGciOiJIUzI1NiIsInR5cCI6IkpXVCJ9.eyJ0b2tlbl90eXBlIjoicmVmcmVzaCIsImV4cCI6MTcyNDM3NzQxMCwiaWF0IjoxNzI0MjkxMDEwLCJqdGkiOiJlZWM0Mjc4OTY5YTA0NzE4YWU0OGM3NjI5YTUzZWM4YiIsInVzZXJfaWQiOjF9.2ZdAIN25i5YlJM9XszrRRVzC4vo-h7Qr7QeFi1-iRa8", "created_at": "2024-08-22T01:43:30.617Z", "expires_at": "2024-08-23T01:43:30Z"}}, {"model": "token_blacklist.outstandingtoken", "pk": 104, "fields": {"user": 1, "jti": "a3564bcea1114e6484f4d373caca833f", "token": "eyJhbGciOiJIUzI1NiIsInR5cCI6IkpXVCJ9.eyJ0b2tlbl90eXBlIjoicmVmcmVzaCIsImV4cCI6MTcyNDM3Nzk1MiwiaWF0IjoxNzI0MjkxNTUyLCJqdGkiOiJhMzU2NGJjZWExMTE0ZTY0ODRmNGQzNzNjYWNhODMzZiIsInVzZXJfaWQiOjF9.xmtbYKMiMBKA14jN9UlWejcyf7dLTy8ycg7-23fdFB0", "created_at": "2024-08-22T01:52:32.574Z", "expires_at": "2024-08-23T01:52:32Z"}}, {"model": "token_blacklist.outstandingtoken", "pk": 105, "fields": {"user": 1, "jti": "8a7c0d9578d0499e96b39f169b882932", "token": "eyJhbGciOiJIUzI1NiIsInR5cCI6IkpXVCJ9.eyJ0b2tlbl90eXBlIjoicmVmcmVzaCIsImV4cCI6MTcyNDM3Nzk1MiwiaWF0IjoxNzI0MjkxNTUyLCJqdGkiOiI4YTdjMGQ5NTc4ZDA0OTllOTZiMzlmMTY5Yjg4MjkzMiIsInVzZXJfaWQiOjF9.SZTKDqfhTDLf2sVE-mcIVgZs3ken-GS7kdjFiwxsRfc", "created_at": "2024-08-22T01:52:32.575Z", "expires_at": "2024-08-23T01:52:32Z"}}, {"model": "token_blacklist.outstandingtoken", "pk": 106, "fields": {"user": 1, "jti": "e71da23d620848bfb51e5ef362206c9e", "token": "eyJhbGciOiJIUzI1NiIsInR5cCI6IkpXVCJ9.eyJ0b2tlbl90eXBlIjoicmVmcmVzaCIsImV4cCI6MTcyNDM3ODUzNiwiaWF0IjoxNzI0MjkyMTM2LCJqdGkiOiJlNzFkYTIzZDYyMDg0OGJmYjUxZTVlZjM2MjIwNmM5ZSIsInVzZXJfaWQiOjF9.dUdQgc6pZ-k5DIVv-oYMxe25-U4uGtNI_3pBBhfNqrk", "created_at": "2024-08-22T02:02:16.825Z", "expires_at": "2024-08-23T02:02:16Z"}}, {"model": "token_blacklist.outstandingtoken", "pk": 107, "fields": {"user": 1, "jti": "a6d246ce02374e3b8ad88479f0fa86f7", "token": "eyJhbGciOiJIUzI1NiIsInR5cCI6IkpXVCJ9.eyJ0b2tlbl90eXBlIjoicmVmcmVzaCIsImV4cCI6MTcyNDM3ODUzNiwiaWF0IjoxNzI0MjkyMTM2LCJqdGkiOiJhNmQyNDZjZTAyMzc0ZTNiOGFkODg0NzlmMGZhODZmNyIsInVzZXJfaWQiOjF9.adYvbRxF6j7z4cZ2R-LxdFo4nZXDuKQoOLlATRMEea4", "created_at": "2024-08-22T02:02:16.825Z", "expires_at": "2024-08-23T02:02:16Z"}}, {"model": "token_blacklist.outstandingtoken", "pk": 108, "fields": {"user": 1, "jti": "4ec86b1d1fa64cd5be4c0547fa26b307", "token": "eyJhbGciOiJIUzI1NiIsInR5cCI6IkpXVCJ9.eyJ0b2tlbl90eXBlIjoicmVmcmVzaCIsImV4cCI6MTcyNDQxNzcxOSwiaWF0IjoxNzI0MzMxMzE5LCJqdGkiOiI0ZWM4NmIxZDFmYTY0Y2Q1YmU0YzA1NDdmYTI2YjMwNyIsInVzZXJfaWQiOjF9.kawriwua5K6xiH1UMSBIV2SNC_KVRAUznFI4l699Y5o", "created_at": "2024-08-22T12:55:19.771Z", "expires_at": "2024-08-23T12:55:19Z"}}, {"model": "token_blacklist.outstandingtoken", "pk": 109, "fields": {"user": 1, "jti": "f7033117c7ae4ad5bacaaa16d784b386", "token": "eyJhbGciOiJIUzI1NiIsInR5cCI6IkpXVCJ9.eyJ0b2tlbl90eXBlIjoicmVmcmVzaCIsImV4cCI6MTcyNDQxNzcxOSwiaWF0IjoxNzI0MzMxMzE5LCJqdGkiOiJmNzAzMzExN2M3YWU0YWQ1YmFjYWFhMTZkNzg0YjM4NiIsInVzZXJfaWQiOjF9.Rb5K5yBIPAeakeRGOIqipgBWpnck5xYBV3FQ_4V_hgA", "created_at": "2024-08-22T12:55:19.809Z", "expires_at": "2024-08-23T12:55:19Z"}}, {"model": "token_blacklist.outstandingtoken", "pk": 110, "fields": {"user": 1, "jti": "23fcdb681bf24b01a01a326036db1a6e", "token": "eyJhbGciOiJIUzI1NiIsInR5cCI6IkpXVCJ9.eyJ0b2tlbl90eXBlIjoicmVmcmVzaCIsImV4cCI6MTcyNDQyMDYzNywiaWF0IjoxNzI0MzM0MjM3LCJqdGkiOiIyM2ZjZGI2ODFiZjI0YjAxYTAxYTMyNjAzNmRiMWE2ZSIsInVzZXJfaWQiOjF9.UPXzWE3f_nRberaV6IoekDYBkwzgbo9BXCOc_MyNXek", "created_at": "2024-08-22T13:43:57.710Z", "expires_at": "2024-08-23T13:43:57Z"}}, {"model": "token_blacklist.outstandingtoken", "pk": 111, "fields": {"user": 1, "jti": "12e957f1cc0f467f9f8eb2aa9434ab31", "token": "eyJhbGciOiJIUzI1NiIsInR5cCI6IkpXVCJ9.eyJ0b2tlbl90eXBlIjoicmVmcmVzaCIsImV4cCI6MTcyNDQyMDYzNywiaWF0IjoxNzI0MzM0MjM3LCJqdGkiOiIxMmU5NTdmMWNjMGY0NjdmOWY4ZWIyYWE5NDM0YWIzMSIsInVzZXJfaWQiOjF9.sROdYbfs9DLFu_0qCATy9oofRmi9fahoDYu1Ay_FRRI", "created_at": "2024-08-22T13:43:57.729Z", "expires_at": "2024-08-23T13:43:57Z"}}, {"model": "token_blacklist.outstandingtoken", "pk": 112, "fields": {"user": 1, "jti": "bc101674269d43fda1b810c6e1d36157", "token": "eyJhbGciOiJIUzUxMiIsInR5cCI6IkpXVCJ9.eyJ0b2tlbl90eXBlIjoicmVmcmVzaCIsImV4cCI6MTcyNDQyMDY1NSwiaWF0IjoxNzI0MzM0MjU1LCJqdGkiOiJiYzEwMTY3NDI2OWQ0M2ZkYTFiODEwYzZlMWQzNjE1NyIsInVzZXJfaWQiOjF9.KxFXmJ7Q2gv0vqHyQifumMPYKtP-JjR_fo_SiXcv7snZsFj-CE2RUtBNSKXN1pwNqXO2LiTLZUmnqkMVQ1ZSng", "created_at": "2024-08-22T13:44:15.826Z", "expires_at": "2024-08-23T13:44:15Z"}}, {"model": "token_blacklist.outstandingtoken", "pk": 113, "fields": {"user": 1, "jti": "4d30618fa33c404e8cacc8fe0a4e4c5d", "token": "eyJhbGciOiJIUzUxMiIsInR5cCI6IkpXVCJ9.eyJ0b2tlbl90eXBlIjoicmVmcmVzaCIsImV4cCI6MTcyNDQyMDY1NSwiaWF0IjoxNzI0MzM0MjU1LCJqdGkiOiI0ZDMwNjE4ZmEzM2M0MDRlOGNhY2M4ZmUwYTRlNGM1ZCIsInVzZXJfaWQiOjF9.wb0FW0Qvvk0YxE5qoCmvf2u1Qoa7DcspVTF-jDNb4M9YmxiCfjHWYtCUn1m0FcIKaZgWfx6XpTf2tq0xSE17Yg", "created_at": "2024-08-22T13:44:15.843Z", "expires_at": "2024-08-23T13:44:15Z"}}, {"model": "token_blacklist.outstandingtoken", "pk": 114, "fields": {"user": 1, "jti": "675403933e2342e991487f4a94292ce8", "token": "eyJhbGciOiJIUzI1NiIsInR5cCI6IkpXVCJ9.eyJ0b2tlbl90eXBlIjoicmVmcmVzaCIsImV4cCI6MTcyNDQyMDY4NSwiaWF0IjoxNzI0MzM0Mjg1LCJqdGkiOiI2NzU0MDM5MzNlMjM0MmU5OTE0ODdmNGE5NDI5MmNlOCIsInVzZXJfaWQiOjF9.EIsd8rvaRPrCEjEvyPktIkJSERy9rbfxoQgreuH9a-k", "created_at": "2024-08-22T13:44:45.177Z", "expires_at": "2024-08-23T13:44:45Z"}}, {"model": "token_blacklist.outstandingtoken", "pk": 115, "fields": {"user": 1, "jti": "74db4ad8d59a45819728281fb0248b40", "token": "eyJhbGciOiJIUzI1NiIsInR5cCI6IkpXVCJ9.eyJ0b2tlbl90eXBlIjoicmVmcmVzaCIsImV4cCI6MTcyNDQyMDY4NSwiaWF0IjoxNzI0MzM0Mjg1LCJqdGkiOiI3NGRiNGFkOGQ1OWE0NTgxOTcyODI4MWZiMDI0OGI0MCIsInVzZXJfaWQiOjF9.dlUA1DZ-tKjVjBLxK-CqXPag_M2w_krBRKGpnXftODQ", "created_at": "2024-08-22T13:44:45.177Z", "expires_at": "2024-08-23T13:44:45Z"}}, {"model": "token_blacklist.outstandingtoken", "pk": 116, "fields": {"user": 1, "jti": "027db95da7ea47da8e94dbbc14f36f20", "token": "eyJhbGciOiJIUzUxMiIsInR5cCI6IkpXVCJ9.eyJ0b2tlbl90eXBlIjoicmVmcmVzaCIsImV4cCI6MTcyNDQyMDgxOSwiaWF0IjoxNzI0MzM0NDE5LCJqdGkiOiIwMjdkYjk1ZGE3ZWE0N2RhOGU5NGRiYmMxNGYzNmYyMCIsInVzZXJfaWQiOjF9.LpjMsI4LGtbUI1Lhucw7o-IFyzFWRGFVWHj5DglFpAkiqUKKGgTWYWD0PZ1x5n5OEHIXTVKxyywWUYje4S7s1w", "created_at": "2024-08-22T13:46:59.485Z", "expires_at": "2024-08-23T13:46:59Z"}}, {"model": "token_blacklist.outstandingtoken", "pk": 117, "fields": {"user": 1, "jti": "8d7a7458c4a340b0847575a8e45083c0", "token": "eyJhbGciOiJIUzUxMiIsInR5cCI6IkpXVCJ9.eyJ0b2tlbl90eXBlIjoicmVmcmVzaCIsImV4cCI6MTcyNDQyMDgxOSwiaWF0IjoxNzI0MzM0NDE5LCJqdGkiOiI4ZDdhNzQ1OGM0YTM0MGIwODQ3NTc1YThlNDUwODNjMCIsInVzZXJfaWQiOjF9.9J0eH9tGfa4Y0dOQhRTg83ciPRtTHaCZP9upA4De445u20Oq_vQiCrct_KjXiks4EoTcDyyZmI-SxcOLGAbD5A", "created_at": "2024-08-22T13:46:59.517Z", "expires_at": "2024-08-23T13:46:59Z"}}, {"model": "token_blacklist.outstandingtoken", "pk": 118, "fields": {"user": 1, "jti": "473e92cc00864ea2ba107db5ea6165a3", "token": "eyJhbGciOiJIUzUxMiIsInR5cCI6IkpXVCJ9.eyJ0b2tlbl90eXBlIjoicmVmcmVzaCIsImV4cCI6MTcyNDQyMTM2MCwiaWF0IjoxNzI0MzM0OTYwLCJqdGkiOiI0NzNlOTJjYzAwODY0ZWEyYmExMDdkYjVlYTYxNjVhMyIsInVzZXJfaWQiOjF9.Qsi-ewrAXJ0YsCNHKElo_sJfQOIYnlnhCbZRTtnM3vOIFibI40P5hJGJoiUxqbzyuqE3Q_5UOUaqg-ITLZVC8A", "created_at": "2024-08-22T13:56:00.357Z", "expires_at": "2024-08-23T13:56:00Z"}}, {"model": "token_blacklist.outstandingtoken", "pk": 119, "fields": {"user": 1, "jti": "0e1b59f696a54ed392f685c0763de2e6", "token": "eyJhbGciOiJIUzUxMiIsInR5cCI6IkpXVCJ9.eyJ0b2tlbl90eXBlIjoicmVmcmVzaCIsImV4cCI6MTcyNDQyMTM2MCwiaWF0IjoxNzI0MzM0OTYwLCJqdGkiOiIwZTFiNTlmNjk2YTU0ZWQzOTJmNjg1YzA3NjNkZTJlNiIsInVzZXJfaWQiOjF9.dKOYu9PO0JnOlmF_SrTarn7EChtkHeeCsykXkcceHyNWIqT0BZQcswUZt2I_nDdQxttWbp5erjAWe9vLHrlvFw", "created_at": "2024-08-22T13:56:00.357Z", "expires_at": "2024-08-23T13:56:00Z"}}]