[{"model": "auth.permission", "pk": 1, "fields": {"name": "Can add log entry", "content_type": 1, "codename": "add_logentry"}}, {"model": "auth.permission", "pk": 2, "fields": {"name": "Can change log entry", "content_type": 1, "codename": "change_logentry"}}, {"model": "auth.permission", "pk": 3, "fields": {"name": "Can delete log entry", "content_type": 1, "codename": "delete_logentry"}}, {"model": "auth.permission", "pk": 4, "fields": {"name": "Can view log entry", "content_type": 1, "codename": "view_logentry"}}, {"model": "auth.permission", "pk": 5, "fields": {"name": "Can add permission", "content_type": 2, "codename": "add_permission"}}, {"model": "auth.permission", "pk": 6, "fields": {"name": "Can change permission", "content_type": 2, "codename": "change_permission"}}, {"model": "auth.permission", "pk": 7, "fields": {"name": "Can delete permission", "content_type": 2, "codename": "delete_permission"}}, {"model": "auth.permission", "pk": 8, "fields": {"name": "Can view permission", "content_type": 2, "codename": "view_permission"}}, {"model": "auth.permission", "pk": 9, "fields": {"name": "Can add group", "content_type": 3, "codename": "add_group"}}, {"model": "auth.permission", "pk": 10, "fields": {"name": "Can change group", "content_type": 3, "codename": "change_group"}}, {"model": "auth.permission", "pk": 11, "fields": {"name": "Can delete group", "content_type": 3, "codename": "delete_group"}}, {"model": "auth.permission", "pk": 12, "fields": {"name": "Can view group", "content_type": 3, "codename": "view_group"}}, {"model": "auth.permission", "pk": 13, "fields": {"name": "Can add content type", "content_type": 4, "codename": "add_contenttype"}}, {"model": "auth.permission", "pk": 14, "fields": {"name": "Can change content type", "content_type": 4, "codename": "change_contenttype"}}, {"model": "auth.permission", "pk": 15, "fields": {"name": "Can delete content type", "content_type": 4, "codename": "delete_contenttype"}}, {"model": "auth.permission", "pk": 16, "fields": {"name": "Can view content type", "content_type": 4, "codename": "view_contenttype"}}, {"model": "auth.permission", "pk": 17, "fields": {"name": "Can add session", "content_type": 5, "codename": "add_session"}}, {"model": "auth.permission", "pk": 18, "fields": {"name": "Can change session", "content_type": 5, "codename": "change_session"}}, {"model": "auth.permission", "pk": 19, "fields": {"name": "Can delete session", "content_type": 5, "codename": "delete_session"}}, {"model": "auth.permission", "pk": 20, "fields": {"name": "Can view session", "content_type": 5, "codename": "view_session"}}, {"model": "auth.permission", "pk": 21, "fields": {"name": "Can add blog", "content_type": 6, "codename": "add_blog"}}, {"model": "auth.permission", "pk": 22, "fields": {"name": "Can change blog", "content_type": 6, "codename": "change_blog"}}, {"model": "auth.permission", "pk": 23, "fields": {"name": "Can delete blog", "content_type": 6, "codename": "delete_blog"}}, {"model": "auth.permission", "pk": 24, "fields": {"name": "Can view blog", "content_type": 6, "codename": "view_blog"}}, {"model": "auth.permission", "pk": 25, "fields": {"name": "Can add comment", "content_type": 7, "codename": "add_comment"}}, {"model": "auth.permission", "pk": 26, "fields": {"name": "Can change comment", "content_type": 7, "codename": "change_comment"}}, {"model": "auth.permission", "pk": 27, "fields": {"name": "Can delete comment", "content_type": 7, "codename": "delete_comment"}}, {"model": "auth.permission", "pk": 28, "fields": {"name": "Can view comment", "content_type": 7, "codename": "view_comment"}}, {"model": "auth.permission", "pk": 29, "fields": {"name": "Can add user", "content_type": 8, "codename": "add_user"}}, {"model": "auth.permission", "pk": 30, "fields": {"name": "Can change user", "content_type": 8, "codename": "change_user"}}, {"model": "auth.permission", "pk": 31, "fields": {"name": "Can delete user", "content_type": 8, "codename": "delete_user"}}, {"model": "auth.permission", "pk": 32, "fields": {"name": "Can view user", "content_type": 8, "codename": "view_user"}}, {"model": "auth.permission", "pk": 33, "fields": {"name": "Can add application", "content_type": 9, "codename": "add_application"}}, {"model": "auth.permission", "pk": 34, "fields": {"name": "Can change application", "content_type": 9, "codename": "change_application"}}, {"model": "auth.permission", "pk": 35, "fields": {"name": "Can delete application", "content_type": 9, "codename": "delete_application"}}, {"model": "auth.permission", "pk": 36, "fields": {"name": "Can view application", "content_type": 9, "codename": "view_application"}}, {"model": "auth.permission", "pk": 37, "fields": {"name": "Can add applicationclassification", "content_type": 10, "codename": "add_applicationclassification"}}, {"model": "auth.permission", "pk": 38, "fields": {"name": "Can change applicationclassification", "content_type": 10, "codename": "change_applicationclassification"}}, {"model": "auth.permission", "pk": 39, "fields": {"name": "Can delete applicationclassification", "content_type": 10, "codename": "delete_applicationclassification"}}, {"model": "auth.permission", "pk": 40, "fields": {"name": "Can view applicationclassification", "content_type": 10, "codename": "view_applicationclassification"}}, {"model": "auth.permission", "pk": 41, "fields": {"name": "Can add documentclassification", "content_type": 11, "codename": "add_documentclassification"}}, {"model": "auth.permission", "pk": 42, "fields": {"name": "Can change documentclassification", "content_type": 11, "codename": "change_documentclassification"}}, {"model": "auth.permission", "pk": 43, "fields": {"name": "Can delete documentclassification", "content_type": 11, "codename": "delete_documentclassification"}}, {"model": "auth.permission", "pk": 44, "fields": {"name": "Can view documentclassification", "content_type": 11, "codename": "view_documentclassification"}}, {"model": "auth.permission", "pk": 45, "fields": {"name": "Can add document", "content_type": 12, "codename": "add_document"}}, {"model": "auth.permission", "pk": 46, "fields": {"name": "Can change document", "content_type": 12, "codename": "change_document"}}, {"model": "auth.permission", "pk": 47, "fields": {"name": "Can delete document", "content_type": 12, "codename": "delete_document"}}, {"model": "auth.permission", "pk": 48, "fields": {"name": "Can view document", "content_type": 12, "codename": "view_document"}}, {"model": "auth.permission", "pk": 49, "fields": {"name": "Can add documenttypes", "content_type": 13, "codename": "add_documenttypes"}}, {"model": "auth.permission", "pk": 50, "fields": {"name": "Can change documenttypes", "content_type": 13, "codename": "change_documenttypes"}}, {"model": "auth.permission", "pk": 51, "fields": {"name": "Can delete documenttypes", "content_type": 13, "codename": "delete_documenttypes"}}, {"model": "auth.permission", "pk": 52, "fields": {"name": "Can view documenttypes", "content_type": 13, "codename": "view_documenttypes"}}, {"model": "auth.permission", "pk": 53, "fields": {"name": "Can add multimedia", "content_type": 14, "codename": "add_multimedia"}}, {"model": "auth.permission", "pk": 54, "fields": {"name": "Can change multimedia", "content_type": 14, "codename": "change_multimedia"}}, {"model": "auth.permission", "pk": 55, "fields": {"name": "Can delete multimedia", "content_type": 14, "codename": "delete_multimedia"}}, {"model": "auth.permission", "pk": 56, "fields": {"name": "Can view multimedia", "content_type": 14, "codename": "view_multimedia"}}, {"model": "auth.permission", "pk": 57, "fields": {"name": "Can add multimediaclassification", "content_type": 15, "codename": "add_multimediaclassification"}}, {"model": "auth.permission", "pk": 58, "fields": {"name": "Can change multimediaclassification", "content_type": 15, "codename": "change_multimediaclassification"}}, {"model": "auth.permission", "pk": 59, "fields": {"name": "Can delete multimediaclassification", "content_type": 15, "codename": "delete_multimediaclassification"}}, {"model": "auth.permission", "pk": 60, "fields": {"name": "Can view multimediaclassification", "content_type": 15, "codename": "view_multimediaclassification"}}, {"model": "auth.permission", "pk": 61, "fields": {"name": "Can add suggestion", "content_type": 16, "codename": "add_suggestion"}}, {"model": "auth.permission", "pk": 62, "fields": {"name": "Can change suggestion", "content_type": 16, "codename": "change_suggestion"}}, {"model": "auth.permission", "pk": 63, "fields": {"name": "Can delete suggestion", "content_type": 16, "codename": "delete_suggestion"}}, {"model": "auth.permission", "pk": 64, "fields": {"name": "Can view suggestion", "content_type": 16, "codename": "view_suggestion"}}, {"model": "auth.permission", "pk": 65, "fields": {"name": "Can add blacklisted token", "content_type": 17, "codename": "add_blacklistedtoken"}}, {"model": "auth.permission", "pk": 66, "fields": {"name": "Can change blacklisted token", "content_type": 17, "codename": "change_blacklistedtoken"}}, {"model": "auth.permission", "pk": 67, "fields": {"name": "Can delete blacklisted token", "content_type": 17, "codename": "delete_blacklistedtoken"}}, {"model": "auth.permission", "pk": 68, "fields": {"name": "Can view blacklisted token", "content_type": 17, "codename": "view_blacklistedtoken"}}, {"model": "auth.permission", "pk": 69, "fields": {"name": "Can add outstanding token", "content_type": 18, "codename": "add_outstandingtoken"}}, {"model": "auth.permission", "pk": 70, "fields": {"name": "Can change outstanding token", "content_type": 18, "codename": "change_outstandingtoken"}}, {"model": "auth.permission", "pk": 71, "fields": {"name": "Can delete outstanding token", "content_type": 18, "codename": "delete_outstandingtoken"}}, {"model": "auth.permission", "pk": 72, "fields": {"name": "Can view outstanding token", "content_type": 18, "codename": "view_outstandingtoken"}}, {"model": "contenttypes.contenttype", "pk": 1, "fields": {"app_label": "admin", "model": "logentry"}}, {"model": "contenttypes.contenttype", "pk": 2, "fields": {"app_label": "auth", "model": "permission"}}, {"model": "contenttypes.contenttype", "pk": 3, "fields": {"app_label": "auth", "model": "group"}}, {"model": "contenttypes.contenttype", "pk": 4, "fields": {"app_label": "contenttypes", "model": "contenttype"}}, {"model": "contenttypes.contenttype", "pk": 5, "fields": {"app_label": "sessions", "model": "session"}}, {"model": "contenttypes.contenttype", "pk": 6, "fields": {"app_label": "blogs", "model": "blog"}}, {"model": "contenttypes.contenttype", "pk": 7, "fields": {"app_label": "blogs", "model": "comment"}}, {"model": "contenttypes.contenttype", "pk": 8, "fields": {"app_label": "users", "model": "user"}}, {"model": "contenttypes.contenttype", "pk": 9, "fields": {"app_label": "applications", "model": "application"}}, {"model": "contenttypes.contenttype", "pk": 10, "fields": {"app_label": "applications", "model": "applicationclassification"}}, {"model": "contenttypes.contenttype", "pk": 11, "fields": {"app_label": "documents", "model": "documentclassification"}}, {"model": "contenttypes.contenttype", "pk": 12, "fields": {"app_label": "documents", "model": "document"}}, {"model": "contenttypes.contenttype", "pk": 13, "fields": {"app_label": "documents", "model": "documenttypes"}}, {"model": "contenttypes.contenttype", "pk": 14, "fields": {"app_label": "multimedia", "model": "multimedia"}}, {"model": "contenttypes.contenttype", "pk": 15, "fields": {"app_label": "multimedia", "model": "multimediaclassification"}}, {"model": "contenttypes.contenttype", "pk": 16, "fields": {"app_label": "suggestions", "model": "suggestion"}}, {"model": "contenttypes.contenttype", "pk": 17, "fields": {"app_label": "token_blacklist", "model": "blacklistedtoken"}}, {"model": "contenttypes.contenttype", "pk": 18, "fields": {"app_label": "token_blacklist", "model": "outstandingtoken"}}, {"model": "sessions.session", "pk": "zymm6yrozp7vzltbityxcgziq5syzwa8", "fields": {"session_data": ".eJxVjEEOwiAQRe_C2pBCgQGX7j0DGZhRqgaS0q6Md7dNutDtf-_9t4i4LiWunec4kTgLJU6_W8L85LoDemC9N5lbXeYpyV2RB-3y2ohfl8P9OyjYy1Zr9IZZJ2dVQMM0QgCrMCA7sga0McFyxsHBwN7DDcCPLjAooLBBJT5f0Mg22w:1sg7KQ:N74k3gYsPT7r_CUIHt9UvLiZP-soJd9n_S2eZAs0_HE", "expire_date": "2024-09-02T18:42:06.464Z"}}, {"model": "blogs.blog", "pk": 1, "fields": {"title": "Alinfo: Repositorio Virtual del departamento de Ingeniería de Alimentos", "body": "Se desarrolla una nueva versión de Alinfo, una aplicación web y otra aplicación Android", "user": 1, "date": "2024-05-13T03:51:10.046Z", "image": "/blog_picture/noticia.jpg"}}, {"model": "blogs.blog", "pk": 2, "fields": {"title": "Ingeniería de procesos en la fabricación de alimentos: Optimización energética y reducción del impacto ambiental", "body": "El sector alimentario, pilar fundamental de la economía global, se encuentra en un momento crucial. Esto se debe a la creciente demanda de alimentos, sumada a la necesidad de proteger el medio ambiente. Lo anterior hace que sea necesario un replanteamiento de las estrategias de producción alimentaria.\r\n\r\n\r\n\r\nPara ello, la ingeniería de procesos de producción emerge como la aliada clave con el objetivo de alcanzar un futuro sostenible en la industria alimentaria.", "user": 2, "date": "2024-07-22T12:47:09.234Z", "image": "blog_picture/dietas-impacto-ambiental.webp"}}, {"model": "blogs.blog", "pk": 3, "fields": {"title": "Día del trabajador de la Industria Alimentaria", "body": "Felicidades", "user": 3, "date": "2024-01-25T12:44:45.687Z", "image": "blog_picture/industria_alimentaria.jpg"}}, {"model": "blogs.blog", "pk": 4, "fields": {"title": "Hacen queso con leche de camella", "body": "Un nuevo producto llegará al mercado cubano, se trata de un queso elaborado con leche de camella, es importado desde Qatar, una donación de nuestros hermanos.", "user": 4, "date": "2024-07-15T15:11:02.037Z", "image": "blog_picture/queso.jpeg"}}, {"model": "blogs.comment", "pk": 1, "fields": {"blog": 1, "user": 1, "text": "El sector alimentario, pilar fundamental de la economía global, se encuentra en un momento crucial. Esto se debe a la creciente demanda de alimentos, sumada a la necesidad de proteger el medio ambiente. Lo anterior hace que sea necesario un replanteamiento de las estrategias de producción alimentari", "date": "2024-08-19T16:18:29.277Z"}}, {"model": "users.user", "pk": 1, "fields": {"password": "pbkdf2_sha256$720000$Vwi0bI4QCPxVw9N2hCyYnJ$5rG5FgKB9q3PkNdYUHR1zLL+HVMqsPMFMaICXg9eJ0A=", "last_login": "2024-08-19T18:42:06.462Z", "is_superuser": true, "user_name": "tigri", "email": "sean.meissimilly@nauta.cu", "start_date": "2023-09-01T18:21:37Z", "bio": "Yo soy un estudiante de Ingeniería Informática de 6to año", "image": "profile_picture/David_perfil_7TYynv7.jpg", "is_staff": true, "is_active": true, "role": "admin", "groups": [], "user_permissions": []}}, {"model": "users.user", "pk": 2, "fields": {"password": "pbkdf2_sha256$720000$hA9O9gOGmSqxM6BJwDGV6m$fw2gIBBXLiFfczA1lxRnnIVgpXo6MvKhBvirnri347o=", "last_login": "2024-08-18T15:34:27.800Z", "is_superuser": false, "user_name": "dianne95", "email": "dianne95@nauta.cu", "start_date": "2024-06-10T18:53:17Z", "bio": "Yo soy licenciada en Geografía", "image": "profile_picture/Dianne_perfil.jpg", "is_staff": false, "is_active": true, "role": "editor", "groups": [], "user_permissions": []}}, {"model": "users.user", "pk": 3, "fields": {"password": "pbkdf2_sha256$720000$vUhIMmqxImCIC9gCDzLdid$Wxpi/MlHnqREwWbA5jDLrIemmuUxx3TibEw/zDj4/S8=", "last_login": "2024-08-05T22:45:29Z", "is_superuser": true, "user_name": "javiercm", "email": "javiercm@aster.cu", "start_date": "2024-03-19T18:52:49Z", "bio": "Yo soy un estudiante de 6to año de Ingeniería Informática.", "image": "profile_picture/Javier_perfil.jpg", "is_staff": true, "is_active": true, "role": "admin", "groups": [], "user_permissions": []}}, {"model": "users.user", "pk": 4, "fields": {"password": "pbkdf2_sha256$720000$bVWIG89W6VPh0eieIG9VpV$ytin0TKiBIXgIULYi+T0+7wgUpyJeSnMkYFtJUVsUyA=", "last_login": "2024-08-18T14:55:19.617Z", "is_superuser": false, "user_name": "mroll", "email": "mroll@ceis.cujae.edu.cu", "start_date": "2024-07-22T18:52:04Z", "bio": "Profesora Titular. Doctora en Ciencias. Tutora de David", "image": "profile_picture/Miriam_perfil_a7l9vwV.jpeg", "is_staff": false, "is_active": true, "role": "editor", "groups": [], "user_permissions": []}}, {"model": "applications.applicationclassification", "pk": 1, "fields": {"description": "Matemática"}}, {"model": "applications.applicationclassification", "pk": 2, "fields": {"description": "Física"}}, {"model": "applications.applicationclassification", "pk": 3, "fields": {"description": "Química"}}, {"model": "applications.applicationclassification", "pk": 4, "fields": {"description": "Otros"}}, {"model": "applications.application", "pk": 1, "fields": {"title": "Periodic", "version": "", "description": "Tabla Periódica", "user": 1, "date": "2024-07-19T22:21:25.155Z", "data": "applicationszip/5.exe", "applicationclassification": 3}}, {"model": "applications.application", "pk": 2, "fields": {"title": "Convertor de unidades para ingenieros", "version": "", "description": "Uconeer, excelente convertor de unidades para ingenieros.", "user": 3, "date": "2024-07-19T22:18:53.509Z", "data": "applicationszip/Uconeer.exe", "applicationclassification": 2}}, {"model": "applications.application", "pk": 3, "fields": {"title": "SteamTab (Tablas de vapor)", "version": "", "description": "Software para la determinación de las propiedades del vapor de agua en diferentes estados fisicotécnicos.", "user": 2, "date": "2024-07-19T22:22:27.715Z", "data": "applicationszip/SteamTab_Tablas_de_vapor.exe", "applicationclassification": 2}}, {"model": "applications.application", "pk": 4, "fields": {"title": "Derive 6.1 Portable", "version": "", "description": "Solución de derivadas, integrales, simplificación de ecuaciones, etc.", "user": 4, "date": "2024-07-19T22:20:16.322Z", "data": "applicationszip/Derive_6.1_Portable.exe", "applicationclassification": 1}}, {"model": "applications.application", "pk": 5, "fields": {"title": "winrar-x64", "version": "", "description": "Herramienta para descomprimir archivos", "user": 1, "date": "2024-08-12T00:23:14.472Z", "data": "applicationszip/winrar-x64-701_Wg7BfDO.exe", "applicationclassification": 4}}, {"model": "documents.documentclassification", "pk": 1, "fields": {"description": "Bebidas y Licores"}}, {"model": "documents.documentclassification", "pk": 2, "fields": {"description": "Carne, Pescado y Productos Derivados"}}, {"model": "documents.documentclassification", "pk": 3, "fields": {"description": "Extracción, Aromas y Microencapsulados"}}, {"model": "documents.documentclassification", "pk": 4, "fields": {"description": "Frutas, Vegetales y Cereales"}}, {"model": "documents.documentclassification", "pk": 5, "fields": {"description": "Leche y Productos Lácteos"}}, {"model": "documents.documentclassification", "pk": 6, "fields": {"description": "Otros"}}, {"model": "documents.documenttypes", "pk": 1, "fields": {"description": "Artículos"}}, {"model": "documents.documenttypes", "pk": 2, "fields": {"description": "Tesis de Grado"}}, {"model": "documents.documenttypes", "pk": 3, "fields": {"description": "Maestrías"}}, {"model": "documents.documenttypes", "pk": 4, "fields": {"description": "Doctorados"}}, {"model": "documents.document", "pk": 1, "fields": {"title": "Estimación de las propiedades de transporte", "author": "José Gandón Hernández", "data": "documents/Documento_zy30I8f.pdf", "description": "Para el ingeniero químico resulta imprescindible estimar las propiedades de transporte, entiéndase la viscosidad, la conductividad térmica y la difusividad de mezclas, de la forma más precisa posible...", "user": 4, "date": "2024-07-19T22:10:26.660Z", "documentclassification": 6, "documenttypes": 1}}, {"model": "documents.document", "pk": 2, "fields": {"title": "Evaluación de la operación de Pasteurización de la línea de embotellado en la Empresa Cervecera “Guido Pérez Valdés”", "author": "Yoani Urquiza Rodríguez", "data": "documents/44.pdf", "description": "En este trabajo se lleva a cabo un estudio de las causas que están incidiendo en las continuas y cuantiosas devoluciones que se producen en la fábrica de cerveza “Guido Pérez Valdés”; el estudio a fondo será dedicado al proceso de pasteurización de la cerveza, sin dejar de tratar el proceso completo de elaboración del producto.", "user": 3, "date": "2024-07-19T22:09:16.376Z", "documentclassification": 1, "documenttypes": 2}}, {"model": "documents.document", "pk": 3, "fields": {"title": "Microencapsulación de aceite esencial de mandarina mediante secado por atomización", "author": "Madai Bringas Lantigua", "data": "documents/Documento_4c0wviM.pdf", "description": "En el análisis de las potencialidades de la industria alimentaria cubana se ha descartado la falta de nuevas alternativas en la variedad de aromas, por lo cual se pretende promover una nueva posibilidad, esta consiste en producir aceite esencial microencapsulado mediante secado por atomización. Por lo tanto la presente tesis tuvo como objetivo general evaluar la factibilidad técnico-económica de la producción en el país de aceite esencial de mandarina microencapsulado.", "user": 3, "date": "2024-07-19T22:07:44.430Z", "documentclassification": 3, "documenttypes": 2}}, {"model": "documents.document", "pk": 4, "fields": {"title": "Estudio de la cinética de secado por aire caliente de desechos de la industria procesadora de tomate", "author": "Raiza Abreu Leyva", "data": "documents/Documento_0j0bMFr.pdf", "description": "Los carotenoides son importantes fitoquímicos que se consideran responsables de efectos protectores de la salud de las frutas y verduras. Constituyen un grupo de cerca de 600 pigmentos liposolubles responsables de los colores amarillos, naranjas y rojos de las frutas y vegetales. En los últimos años los carotenoides han estado sujetos a un creciente interés debido a sus potenciales efectos sobre la salud humana.", "user": 3, "date": "2024-07-19T21:48:40.714Z", "documentclassification": 4, "documenttypes": 2}}, {"model": "documents.document", "pk": 5, "fields": {"title": "Pérdidas de peso y calidad en carnes y productos cárnicos durante el almacenamiento refrigerado y congelado", "author": "B. Beatriz Acosta Pérez", "data": "documents/95.pdf", "description": "La presente investigación tiene como objetivo determinar las pérdidas de peso y calidad real de bandas de cerdo, res y jamón visking durante su almacenamiento en frío.", "user": 2, "date": "2024-07-19T21:33:13.736Z", "documentclassification": 2, "documenttypes": 3}}, {"model": "documents.document", "pk": 6, "fields": {"title": "Evaluación Del Empleo De Un Nuevo Homogenizador En La Fabricación De Helado Coppelia De Chocolate", "author": "Yanet Sariego Toledo, Eduardo García Noa", "data": "documents/Documento_GXwHmyd.pdf", "description": "En este trabajo se realiza la evaluación de la operación de homogenización, mediante el análisis de los parámetros de calidad físico-químicos y sensoriales...", "user": 1, "date": "2024-07-19T21:14:28.790Z", "documentclassification": 5, "documenttypes": 1}}, {"model": "documents.document", "pk": 7, "fields": {"title": "La Simulación de un Tren de Molinos, unas Experiencia Práctica", "author": "Guido Riera González", "data": "documents/97.pdf", "description": "...", "user": 2, "date": "2024-07-19T21:27:24.876Z", "documentclassification": 6, "documenttypes": 4}}, {"model": "documents.document", "pk": 8, "fields": {"title": "Tecnología de carne", "author": "Ofelia Méndez Bustabad", "data": "documents/9.pdf", "description": "Nuevas Tecnologías en la Industria de la Carne, Industria Cárnica cubana, año 2000, Tendencias en la Industria de la Carne, Estructura de la Carne, Tejido muscular. Estructura macroscópica y microscópicas...", "user": 1, "date": "2024-08-11T18:37:56.775Z", "documentclassification": 2, "documenttypes": 1}}, {"model": "documents.document", "pk": 9, "fields": {"title": "Cinética de Secado por Aire Caliente de Papa. Influencia de las Condiciones de Almacenamiento", "author": "Anabel Frías Chirino", "data": "documents/92.pdf", "description": "Actualmente, más del 50 % de las papas producidas a nivel mundial son consumidas como productos elaborados (congeladas, chips, deshidratadas). La expansión de la industria de alimentos rápidos a nivel mundial muestra el potencial de los productos de papa...", "user": 2, "date": "2024-07-19T21:26:10.447Z", "documentclassification": 4, "documenttypes": 4}}, {"model": "documents.document", "pk": 10, "fields": {"title": "Análisis de Procesos en Tecnologías Lácteas", "author": "Eduardo J. García Noa, Julio A. Díaz Abreu, Marítza Gutiérrez Duque", "data": "documents/Documento.pdf", "description": "El incremento de la eficiencia económica en los procesos industriales es una tarea de primordial importancia, ya que es la vía mediante la cual pueden lograrse reducciones significativas en los costos de producción, sin que se requiera un proceso inversionista de grandes proporciones...", "user": 1, "date": "2024-07-19T21:13:13.282Z", "documentclassification": 5, "documenttypes": 1}}, {"model": "documents.document", "pk": 11, "fields": {"title": "Desarrollo de una tecnología para producir licor de limón", "author": "Arlyn Reyes Linares", "data": "documents/Documento_IA1BZQz.pdf", "description": "El Centro de Referencia de Alcoholes y Bebidas del ICIDCA tiene entre sus objetivos, desarrollar y perfeccionar mediante la I+D tecnologías de producción de bebidas destiladas y la obtención de nuevos productos para ser transferidos a las fábricas del MINAZ.", "user": 4, "date": "2024-07-19T22:13:07.898Z", "documentclassification": 1, "documenttypes": 3}}, {"model": "documents.document", "pk": 12, "fields": {"title": "Estudio de la operación de extracción del colorante de bija", "author": "Yisser García Vigoa", "data": "documents/Documento_Y2dpDAE.pdf", "description": "El presente trabajo tiene como objetivo definir a escala de laboratorio las condiciones operacionales más convenientes para la extracción del colorante de bija empleando una...", "user": 4, "date": "2024-07-19T22:11:29.612Z", "documentclassification": 3, "documenttypes": 3}}, {"model": "documents.document", "pk": 13, "fields": {"title": "Evaluación tecnológica e higiénico-sanitaria del procesamiento del pollo congelado de importación en el Centro de Elaboración de Boyeros y Camaguey", "author": "Surie Dorta Ortega", "data": "documents/Documento_zug6VvN.pdf", "description": "Uno de los productos alimenticios que más se importa en Cuba es el pollo, con el cual el estado suple en parte las necesidades proteicas de la población y tiene una gran demanda entre nuestros consumidores.", "user": 4, "date": "2024-07-19T22:15:26.859Z", "documentclassification": 2, "documenttypes": 3}}, {"model": "documents.document", "pk": 14, "fields": {"title": "Optimización del proceso de fabricación de helado", "author": "Gisela Aguirre Borrero", "data": "documents/Optimización_del_proceso_de_fabricación_de_helado.pdf", "description": "El presente trabajo se desarrolló en la Planta de Helados del Complejo Lácteo de la Habana. Actualmente en esta planta existe un uso no racional de las materias primas y en aras de disminuir este indicador perjudicial para la economía se procederá a utilizar un método de optimización que me permita disminuir al máximo el consumo de las materias primas empleadas en este proceso manteniendo la calidad.", "user": 1, "date": "2024-07-19T21:24:26.569Z", "documentclassification": 5, "documenttypes": 2}}, {"model": "multimedia.multimediaclassification", "pk": 1, "fields": {"description": "Bebidas y Licores"}}, {"model": "multimedia.multimediaclassification", "pk": 2, "fields": {"description": "Carne, Pescado  y Productos Derivados"}}, {"model": "multimedia.multimediaclassification", "pk": 3, "fields": {"description": "Extracción, Aromas y Microencapsulados"}}, {"model": "multimedia.multimediaclassification", "pk": 4, "fields": {"description": "Frutas, Vegetales y Cereales"}}, {"model": "multimedia.multimediaclassification", "pk": 5, "fields": {"description": "Leche y Productos Lácteos"}}, {"model": "multimedia.multimediaclassification", "pk": 6, "fields": {"description": "Otros"}}, {"model": "multimedia.multimedia", "pk": 1, "fields": {"title": "Cómo Se Hace La Cerveza Proceso En Fábrica", "data": "multimedia/Cómo_Se_Hace_La_Cerveza_Proceso_En_Fábrica.mp4", "description": "La fabricación de cerveza en una fábrica comienza con el malteado de la cebada, donde los granos se remojan y se secan para convertir los almidones en azúcares fermentables.", "user": 1, "date": "2024-08-11T18:27:46.646Z", "multimediaclassification": 1}}, {"model": "multimedia.multimedia", "pk": 2, "fields": {"title": "Alimentos: El secreto más importante es expuesto", "data": "multimedia/Alimentos__El_secreto_más_grande_es_expuesto.mp4", "description": "Sospechas acerca de la peligrosidad de algunos alimentos y aditivos.", "user": 1, "date": "2024-08-11T18:28:16.931Z", "multimediaclassification": 6}}, {"model": "multimedia.multimedia", "pk": 3, "fields": {"title": "El experimento de la BBC sobre los efectos de los alimentos ultraprocesados", "data": "multimedia/El_experimento_de_la_BBC_sobre_los_efectos_de_los_alimentos_ultraprocesados.mp4", "description": "Da un poco de miedo ver esos resultados después de sólo dos semanas\". Aimee, de 24 años, ha pasado dos semanas siguiendo una dieta de alimentos ultraprocesados como parte de un estudio realizado por científicos del King's College de Londres para el programa Panorama de la BBC.\r\n\r\nNancy, su hermana gemela, siguió una dieta que contenía exactamente la misma cantidad de calorías, nutrientes, grasas, azúcar y fibra. Pero en su caso, ingiriendo solo alimentos frescos o poco procesados.", "user": 1, "date": "2024-08-13T23:37:25.366Z", "multimediaclassification": 6}}, {"model": "suggestions.suggestion", "pk": 1, "fields": {"title": "Necesitamos más videos", "body": "La biblioteca tiene muy pocos videos.", "user": 1, "date": "2024-08-11T18:52:09.644Z", "resolved": false}}]